{"type":"FeatureCollection","attribution":"Zone boundaries © OpenStreetMap contributors (ODbL); boundaries approximate","features":[{"type":"Feature","properties":{"id":"donner-memorial-sp","name":"Donner Memorial State Park","policy":"leashed","note":"Six-foot leash; dogs allowed on the Lakeside Interpretive Trail, Zig Zag Trail, fire roads, and the Donner Lake shore except China Cove Beach. No dogs in the visitor center, on the Nature Trail, or on designated ski trails when snow is present.","source_url":"https://www.parks.ca.gov/?page_id=503","venue":null,"acres":3667.03,"approx":false,"osm":"relation/187220"},"geometry":{"type":"MultiPolygon","coordinates":[[[[-120.30982,39.29449],[-120.30986,39.30308],[-120.30105,39.30104],[-120.30046,39.30032],[-120.29973,39.29989],[-120.29561,39.29889],[-120.29434,39.29881],[-120.29331,39.29893],[-120.2921,39.29932],[-120.29127,39.29979],[-120.29129,39.29665],[-120.2727,39.29673],[-120.27269,39.29516],[-120.27319,39.29457],[-120.27345,39.29397],[-120.27346,39.29342],[-120.27324,39.29274],[-120.28268,39.29279],[-120.28263,39.28953],[-120.29124,39.28948],[-120.29125,39.28585],[-120.30982,39.286],[-120.30982,39.29449]]],[[[-120.29073,39.30026],[-120.29025,39.30082],[-120.28959,39.30217],[-120.28928,39.30248],[-120.28872,39.30281],[-120.28669,39.30355],[-120.28562,39.30433],[-120.285,39.30513],[-120.28407,39.30733],[-120.28354,39.30799],[-120.28214,39.30876],[-120.2794,39.30948],[-120.27863,39.30989],[-120.27732,39.31085],[-120.27678,39.31107],[-120.27559,39.31115],[-120.27368,39.31071],[-120.27293,39.31066],[-120.2722,39.31074],[-120.27072,39.31115],[-120.26844,39.311],[-120.26761,39.31107],[-120.26658,39.31143],[-120.26383,39.31296],[-120.26234,39.31337],[-120.25941,39.31386],[-120.25853,39.3142],[-120.2569,39.31515],[-120.25608,39.31542],[-120.25134,39.31526],[-120.24945,39.31507],[-120.24776,39.31467],[-120.24571,39.31468],[-120.24513,39.3144],[-120.24485,39.31401],[-120.24479,39.31348],[-120.24509,39.31302],[-120.247,39.31192],[-120.24757,39.31138],[-120.24838,39.30956],[-120.2495,39.30812],[-120.25078,39.30608],[-120.25271,39.30389],[-120.25338,39.3034],[-120.25418,39.30305],[-120.2545,39.30298],[-120.25449,39.30725],[-120.26357,39.30724],[-120.26362,39.30386],[-120.27275,39.30385],[-120.2727,39.30036],[-120.27776,39.30025],[-120.29073,39.30026]]],[[[-120.30514,39.31156],[-120.30512,39.31479],[-120.30973,39.31483],[-120.30972,39.32541],[-120.30897,39.32538],[-120.30844,39.32553],[-120.30822,39.32582],[-120.30814,39.32678],[-120.30776,39.32706],[-120.30607,39.32691],[-120.30422,39.32647],[-120.30329,39.32568],[-120.30059,39.32448],[-120.29917,39.32338],[-120.29649,39.32202],[-120.3006,39.32208],[-120.30061,39.31481],[-120.26041,39.31487],[-120.26271,39.31453],[-120.26423,39.31414],[-120.26536,39.31365],[-120.26743,39.31243],[-120.26807,39.31222],[-120.27059,39.31237],[-120.27309,39.31186],[-120.27589,39.31238],[-120.27703,39.31227],[-120.27776,39.31204],[-120.28013,39.31054],[-120.28279,39.30985],[-120.28432,39.30908],[-120.28534,39.30809],[-120.28634,39.30576],[-120.28703,39.3049],[-120.28773,39.30446],[-120.28948,39.30386],[-120.29018,39.30347],[-120.29091,39.3028],[-120.29169,39.3015],[-120.29212,39.30106],[-120.29285,39.30065],[-120.29372,39.30046],[-120.29476,39.30054],[-120.29967,39.30164],[-120.29971,39.30181],[-120.2996,39.30227],[-120.29935,39.30255],[-120.29727,39.30346],[-120.29667,39.30389],[-120.29614,39.30454],[-120.29591,39.30533],[-120.29603,39.30728],[-120.29505,39.309],[-120.29439,39.31085],[-120.29442,39.31137],[-120.29498,39.31241],[-120.29562,39.31295],[-120.29637,39.3133],[-120.29853,39.31391],[-120.29991,39.31396],[-120.30134,39.31352],[-120.30514,39.31156]]],[[[-120.2498,39.30515],[-120.24812,39.30779],[-120.2453,39.30785],[-120.24527,39.31154],[-120.24386,39.31245],[-120.24336,39.31351],[-120.2435,39.31435],[-120.24409,39.31514],[-120.24472,39.31554],[-120.24539,39.31575],[-120.24757,39.31575],[-120.24923,39.31616],[-120.25043,39.31631],[-120.2635,39.31654],[-120.26351,39.31707],[-120.26044,39.317],[-120.25871,39.31728],[-120.2587,39.31852],[-120.25638,39.31904],[-120.25452,39.31902],[-120.25436,39.31943],[-120.25258,39.31939],[-120.2522,39.32026],[-120.25199,39.32126],[-120.25121,39.32151],[-120.2507,39.32212],[-120.24979,39.32234],[-120.24886,39.32283],[-120.24719,39.32296],[-120.24568,39.32327],[-120.24341,39.323],[-120.24237,39.32236],[-120.24182,39.32221],[-120.23961,39.32179],[-120.23898,39.32188],[-120.238,39.32236],[-120.23731,39.32345],[-120.23687,39.32378],[-120.23752,39.3235],[-120.23795,39.32268],[-120.23829,39.32251],[-120.23899,39.32236],[-120.2397,39.32262],[-120.23974,39.32305],[-120.239,39.32432],[-120.23881,39.32534],[-120.23691,39.32505],[-120.23675,39.32518],[-120.23618,39.32497],[-120.22992,39.32432],[-120.22905,39.32408],[-120.22903,39.32247],[-120.23086,39.32131],[-120.23132,39.32079],[-120.23146,39.32023],[-120.23148,39.31869],[-120.23041,39.31806],[-120.2301,39.31754],[-120.23008,39.31728],[-120.23059,39.31664],[-120.2307,39.31617],[-120.23055,39.31617],[-120.23041,39.31672],[-120.22995,39.31723],[-120.22996,39.31757],[-120.2303,39.31813],[-120.23119,39.31869],[-120.22681,39.31868],[-120.22683,39.31611],[-120.22835,39.31595],[-120.22958,39.31562],[-120.23036,39.31517],[-120.23099,39.31451],[-120.23153,39.31361],[-120.23214,39.31316],[-120.23251,39.31297],[-120.23581,39.31221],[-120.23678,39.31174],[-120.24048,39.30928],[-120.24175,39.30835],[-120.24875,39.30045],[-120.24986,39.30043],[-120.2498,39.30515]]],[[[-120.30832,39.3074],[-120.30516,39.30738],[-120.30514,39.31016],[-120.30003,39.3127],[-120.29905,39.31277],[-120.29695,39.31219],[-120.29649,39.31194],[-120.29612,39.31154],[-120.29593,39.31108],[-120.29608,39.31038],[-120.29736,39.308],[-120.2976,39.30727],[-120.29745,39.30556],[-120.29757,39.305],[-120.29817,39.30443],[-120.29965,39.30386],[-120.30048,39.30338],[-120.30105,39.30269],[-120.30125,39.30167],[-120.30984,39.30359],[-120.30979,39.3074],[-120.30832,39.3074]]],[[[-120.27059,39.29273],[-120.27126,39.29273],[-120.27183,39.29322],[-120.2719,39.29386],[-120.27152,39.29437],[-120.2629,39.29906],[-120.26144,39.29973],[-120.25967,39.30036],[-120.24986,39.30043],[-120.24986,39.29977],[-120.25103,39.29932],[-120.26863,39.29307],[-120.2699,39.29272],[-120.27059,39.29273]]],[[[-120.24568,39.3005],[-120.24687,39.30049],[-120.24086,39.3075],[-120.23985,39.30828],[-120.23629,39.31055],[-120.2364,39.30049],[-120.24568,39.3005]]],[[[-120.25432,39.29314],[-120.26541,39.29313],[-120.24988,39.29853],[-120.24989,39.29668],[-120.25426,39.29665],[-120.25432,39.29314]]],[[[-120.24092,39.32297],[-120.24101,39.32287],[-120.24152,39.32287],[-120.24067,39.32264],[-120.24046,39.32252],[-120.2405,39.32232],[-120.24212,39.32257],[-120.24277,39.32279],[-120.243,39.32298],[-120.24299,39.32308],[-120.24257,39.32321],[-120.24164,39.32325],[-120.24112,39.32317],[-120.24092,39.32297]]]]}},{"type":"Feature","properties":{"id":"west-end-beach","name":"West End Beach","policy":"no-dogs","note":"The district's main Donner Lake swim beach — no dogs (posted with the no-glass and no-smoking rules).","source_url":"https://www.tdrpd.org/165/West-End-Beach","venue":null,"acres":null,"approx":true,"osm":null},"geometry":{"type":"Polygon","coordinates":[[[-120.26386,39.3244],[-120.26392,39.32475],[-120.26409,39.32508],[-120.26437,39.32536],[-120.26473,39.32558],[-120.26515,39.32571],[-120.2656,39.32576],[-120.26605,39.32571],[-120.26647,39.32558],[-120.26683,39.32536],[-120.26711,39.32508],[-120.26728,39.32475],[-120.26734,39.3244],[-120.26728,39.32405],[-120.26711,39.32372],[-120.26683,39.32344],[-120.26647,39.32322],[-120.26605,39.32309],[-120.2656,39.32304],[-120.26515,39.32309],[-120.26473,39.32322],[-120.26437,39.32344],[-120.26409,39.32372],[-120.26392,39.32405],[-120.26386,39.3244]]]}},{"type":"Feature","properties":{"id":"truckee-river-regional-park","name":"Truckee River Regional Park","policy":"leashed","note":"The Town's one strict seasonal leash zone — dogs leashed and under full control May 1 through October 31. Off-season, the Town's voice-and-visual-control standard applies.","source_url":"https://www.truckeepolice.gov/faq/is-there-a-leash-law-in-truckee-2/","venue":null,"acres":55.61,"approx":false,"osm":"way/310181375"},"geometry":{"type":"Polygon","coordinates":[[[-120.17951,39.32645],[-120.17949,39.32763],[-120.17904,39.3277],[-120.17799,39.32817],[-120.17497,39.32912],[-120.1727,39.32942],[-120.1712,39.32987],[-120.17016,39.3299],[-120.1702,39.32665],[-120.17092,39.32663],[-120.1721,39.3268],[-120.17258,39.3261],[-120.17427,39.32636],[-120.17951,39.32645]]]}},{"type":"Feature","properties":{"id":"trail-cycleway-Flying Squirrel","name":"Flying Squirrel","kind":"trail","policy":"restricted","note":"Town of Truckee voice-and-visual control is the baseline standard; leash rules apply where posted (Truckee River Regional Park sections, May–October).","source_url":"https://www.truckeepolice.gov/faq/is-there-a-leash-law-in-truckee-2/","venue":null,"acres":null,"miles":1.0,"approx":false,"osm":null},"geometry":{"type":"MultiLineString","coordinates":[[[-120.26696,39.36587],[-120.26565,39.36639],[-120.2651,39.36637],[-120.26497,39.36679],[-120.26469,39.36701],[-120.26421,39.36715],[-120.26308,39.36718],[-120.26296,39.36731],[-120.26278,39.36703],[-120.26279,39.3666],[-120.26251,39.36612],[-120.26258,39.366],[-120.26233,39.36596],[-120.26206,39.36493],[-120.26178,39.36481],[-120.26072,39.36479],[-120.25985,39.36448],[-120.25949,39.36373],[-120.25925,39.36358],[-120.25894,39.36362],[-120.2589,39.36338],[-120.25871,39.36326],[-120.2587,39.36296],[-120.25809,39.36266],[-120.25784,39.36282],[-120.25781,39.36314],[-120.25757,39.36282],[-120.25747,39.36311],[-120.25746,39.36443],[-120.25761,39.36508]]]}},{"type":"Feature","properties":{"id":"trail-cycleway-Martis Valley Trail","name":"Martis Valley Trail","kind":"trail","policy":"restricted","note":"Town of Truckee voice-and-visual control is the baseline standard; leash rules apply where posted (Truckee River Regional Park sections, May–October).","source_url":"https://www.truckeepolice.gov/faq/is-there-a-leash-law-in-truckee-2/","venue":null,"acres":null,"miles":1.2,"approx":false,"osm":null},"geometry":{"type":"MultiLineString","coordinates":[[[-120.10659,39.28667],[-120.10651,39.28654],[-120.10666,39.28616],[-120.1077,39.28586],[-120.10889,39.28498],[-120.10902,39.28425],[-120.10987,39.28254],[-120.11077,39.28206],[-120.11102,39.28168],[-120.11167,39.27962],[-120.11374,39.27839],[-120.11387,39.27806],[-120.11364,39.2779],[-120.11357,39.27765],[-120.11376,39.27727],[-120.11396,39.27608],[-120.11478,39.27575],[-120.11521,39.27532],[-120.11584,39.27529],[-120.11688,39.27565],[-120.1175,39.27557],[-120.11831,39.27593],[-120.11942,39.27607]]]}},{"type":"Feature","properties":{"id":"trail-cycleway-Paved trail (Legacy Trail network)","name":"Paved trail (Legacy Trail network)","kind":"trail","policy":"restricted","note":"Town of Truckee voice-and-visual control is the baseline standard; leash rules apply where posted (Truckee River Regional Park sections, May–October).","source_url":"https://www.truckeepolice.gov/faq/is-there-a-leash-law-in-truckee-2/","venue":null,"acres":null,"miles":0.1,"approx":false,"osm":null},"geometry":{"type":"MultiLineString","coordinates":[[[-120.11129,39.28077],[-120.11121,39.28057],[-120.11104,39.28051],[-120.11053,39.28115]],[[-120.1072,39.28607],[-120.10726,39.28622]]]}},{"type":"Feature","properties":{"id":"trail-cycleway-True Grit","name":"True Grit","kind":"trail","policy":"restricted","note":"Town of Truckee voice-and-visual control is the baseline standard; leash rules apply where posted (Truckee River Regional Park sections, May–October).","source_url":"https://www.truckeepolice.gov/faq/is-there-a-leash-law-in-truckee-2/","venue":null,"acres":null,"miles":0.8,"approx":false,"osm":null},"geometry":{"type":"MultiLineString","coordinates":[[[-120.26738,39.36537],[-120.26673,39.36612],[-120.26643,39.36621],[-120.26625,39.36645],[-120.26509,39.36669],[-120.26525,39.36699],[-120.26573,39.36733],[-120.26541,39.36776],[-120.26503,39.36782],[-120.26498,39.36826],[-120.26432,39.36862],[-120.26405,39.36859],[-120.26364,39.36876],[-120.26306,39.36917],[-120.2625,39.36929],[-120.26176,39.36974],[-120.26095,39.36992],[-120.25989,39.3705],[-120.2595,39.37101],[-120.25924,39.37106],[-120.25884,39.3709],[-120.25842,39.371],[-120.25764,39.37157],[-120.25673,39.37189]]]}},{"type":"Feature","properties":{"id":"trail-cycleway-Upper Mother Lode","name":"Upper Mother Lode","kind":"trail","policy":"restricted","note":"Town of Truckee voice-and-visual control is the baseline standard; leash rules apply where posted (Truckee River Regional Park sections, May–October).","source_url":"https://www.truckeepolice.gov/faq/is-there-a-leash-law-in-truckee-2/","venue":null,"acres":null,"miles":0.8,"approx":false,"osm":null},"geometry":{"type":"MultiLineString","coordinates":[[[-120.27239,39.36186],[-120.27279,39.362],[-120.2739,39.36189],[-120.27604,39.3622],[-120.2766,39.36213],[-120.27733,39.36245],[-120.27817,39.36265],[-120.27814,39.36287],[-120.2783,39.3631],[-120.27945,39.36171],[-120.27975,39.36113],[-120.27984,39.36178],[-120.28027,39.36127],[-120.28037,39.36203],[-120.28064,39.36179],[-120.2809,39.36123],[-120.28128,39.36111],[-120.28147,39.36115],[-120.28145,39.36126]]]}},{"type":"Feature","properties":{"id":"trail-named-path-2 Beavers & a Bear","name":"2 Beavers & a Bear","kind":"trail","policy":"restricted","note":"Tahoe National Forest and town open space around Truckee — the Town's voice-and-visual-control standard applies inside town limits; check posted rules at trailheads.","source_url":"https://www.truckeepolice.gov/faq/is-there-a-leash-law-in-truckee-2/","venue":null,"acres":null,"miles":0.7,"approx":false,"osm":null},"geometry":{"type":"MultiLineString","coordinates":[[[-120.1871,39.27392],[-120.18593,39.2732],[-120.18616,39.27226],[-120.18575,39.27161],[-120.18467,39.27081],[-120.18416,39.27016],[-120.18213,39.26994],[-120.18019,39.27022],[-120.17961,39.27062],[-120.17922,39.2706],[-120.1785,39.2712],[-120.17742,39.27157]]]}},{"type":"Feature","properties":{"id":"trail-named-path-2 Bridges","name":"2 Bridges","kind":"trail","policy":"restricted","note":"Tahoe National Forest and town open space around Truckee — the Town's voice-and-visual-control standard applies inside town limits; check posted rules at trailheads.","source_url":"https://www.truckeepolice.gov/faq/is-there-a-leash-law-in-truckee-2/","venue":null,"acres":null,"miles":1.2,"approx":false,"osm":null},"geometry":{"type":"MultiLineString","coordinates":[[[-120.18541,39.27108],[-120.18585,39.271],[-120.1865,39.27105],[-120.18716,39.2706],[-120.18662,39.27022],[-120.18601,39.27007],[-120.18582,39.26899],[-120.18567,39.26884],[-120.1847,39.26925],[-120.18385,39.26926],[-120.18317,39.26951],[-120.18259,39.26932],[-120.18182,39.26929],[-120.18155,39.26903],[-120.18132,39.26901],[-120.18044,39.26952],[-120.17936,39.26994],[-120.17739,39.27035],[-120.1764,39.271],[-120.1765,39.27067],[-120.17631,39.27045],[-120.1753,39.27092],[-120.17479,39.27092],[-120.1748,39.27075],[-120.17302,39.26998],[-120.17289,39.26973],[-120.17297,39.26946],[-120.1723,39.26903]],[[-120.18534,39.27113],[-120.18541,39.27108]],[[-120.18527,39.27118],[-120.18534,39.27113]]]}},{"type":"Feature","properties":{"id":"trail-named-path-6%","name":"6%","kind":"trail","policy":"restricted","note":"Tahoe National Forest and town open space around Truckee — the Town's voice-and-visual-control standard applies inside town limits; check posted rules at trailheads.","source_url":"https://www.truckeepolice.gov/faq/is-there-a-leash-law-in-truckee-2/","venue":null,"acres":null,"miles":0.3,"approx":false,"osm":null},"geometry":{"type":"MultiLineString","coordinates":[[[-120.12131,39.26979],[-120.12198,39.27123],[-120.12327,39.27217]],[[-120.12027,39.26923],[-120.12105,39.26965]]]}},{"type":"Feature","properties":{"id":"trail-named-path-Alder Creek Trail","name":"Alder Creek Trail","kind":"trail","policy":"restricted","note":"Tahoe National Forest and town open space around Truckee — the Town's voice-and-visual-control standard applies inside town limits; check posted rules at trailheads.","source_url":"https://www.truckeepolice.gov/faq/is-there-a-leash-law-in-truckee-2/","venue":null,"acres":null,"miles":1.8,"approx":false,"osm":null},"geometry":{"type":"MultiLineString","coordinates":[[[-120.2548,39.36586],[-120.2553,39.36615],[-120.25538,39.36667],[-120.25517,39.36681],[-120.2551,39.36707],[-120.25541,39.36726],[-120.25511,39.36805],[-120.25461,39.36855],[-120.25467,39.36878]],[[-120.253,39.36389],[-120.25265,39.36242],[-120.25221,39.36147],[-120.25141,39.3608],[-120.25144,39.36038],[-120.2507,39.35989],[-120.24978,39.35965],[-120.24872,39.35984],[-120.24827,39.35981],[-120.24731,39.36065],[-120.2472,39.36097]],[[-120.24448,39.36317],[-120.24408,39.36333],[-120.24357,39.36412],[-120.24383,39.36478],[-120.24321,39.36552],[-120.24308,39.36669],[-120.24258,39.36813]],[[-120.23934,39.37132],[-120.23904,39.37132],[-120.23756,39.37073],[-120.23715,39.37091],[-120.23624,39.37073]],[[-120.24258,39.36813],[-120.24217,39.36891],[-120.241,39.36971],[-120.24026,39.37082],[-120.23934,39.37132]],[[-120.25491,39.36675],[-120.25486,39.36626],[-120.25466,39.36603],[-120.25456,39.36542],[-120.25419,39.36465]],[[-120.2541,39.36429],[-120.25404,39.36416]],[[-120.25419,39.36465],[-120.2541,39.36429]]]}},{"type":"Feature","properties":{"id":"trail-named-path-Alder Drive Trail","name":"Alder Drive Trail","kind":"trail","policy":"restricted","note":"Tahoe National Forest and town open space around Truckee — the Town's voice-and-visual-control standard applies inside town limits; check posted rules at trailheads.","source_url":"https://www.truckeepolice.gov/faq/is-there-a-leash-law-in-truckee-2/","venue":null,"acres":null,"miles":0.3,"approx":false,"osm":null},"geometry":{"type":"MultiLineString","coordinates":[[[-120.17822,39.34623],[-120.1781,39.34638],[-120.17779,39.34638],[-120.17489,39.34574]],[[-120.17489,39.34574],[-120.17338,39.34547]]]}},{"type":"Feature","properties":{"id":"trail-named-path-Animal Crossing","name":"Animal Crossing","kind":"trail","policy":"restricted","note":"Tahoe National Forest and town open space around Truckee — the Town's voice-and-visual-control standard applies inside town limits; check posted rules at trailheads.","source_url":"https://www.truckeepolice.gov/faq/is-there-a-leash-law-in-truckee-2/","venue":null,"acres":null,"miles":0.2,"approx":false,"osm":null},"geometry":{"type":"MultiLineString","coordinates":[[[-120.19703,39.37165],[-120.19761,39.37318],[-120.19828,39.37345],[-120.19826,39.3737]]]}},{"type":"Feature","properties":{"id":"trail-named-path-Back-cut Trail","name":"Back-cut Trail","kind":"trail","policy":"restricted","note":"Tahoe National Forest and town open space around Truckee — the Town's voice-and-visual-control standard applies inside town limits; check posted rules at trailheads.","source_url":"https://www.truckeepolice.gov/faq/is-there-a-leash-law-in-truckee-2/","venue":null,"acres":null,"miles":1.5,"approx":false,"osm":null},"geometry":{"type":"MultiLineString","coordinates":[[[-120.1815,39.29636],[-120.18133,39.29658],[-120.18171,39.2972],[-120.1829,39.29768],[-120.1835,39.29772],[-120.18326,39.29785],[-120.18288,39.29785],[-120.1815,39.29755],[-120.18089,39.29699],[-120.18014,39.29599],[-120.18101,39.29757],[-120.1819,39.29819],[-120.18346,39.299],[-120.1839,39.29912],[-120.18342,39.29921],[-120.18208,39.29866],[-120.18124,39.29843],[-120.18092,39.29846],[-120.1809,39.29864],[-120.18142,39.29866],[-120.18269,39.29946],[-120.18201,39.29932],[-120.18253,39.29972],[-120.18205,39.30042],[-120.18177,39.30059],[-120.18177,39.30116],[-120.18164,39.30116],[-120.18092,39.30056],[-120.18087,39.30033],[-120.1807,39.30064],[-120.18057,39.30024],[-120.18031,39.30048],[-120.18025,39.30013],[-120.18013,39.30041],[-120.17989,39.30014],[-120.17948,39.30064]]]}},{"type":"Feature","properties":{"id":"trail-named-path-Bald Mountain Motorcycle Trail","name":"Bald Mountain Motorcycle Trail","kind":"trail","policy":"restricted","note":"Tahoe National Forest and town open space around Truckee — the Town's voice-and-visual-control standard applies inside town limits; check posted rules at trailheads.","source_url":"https://www.truckeepolice.gov/faq/is-there-a-leash-law-in-truckee-2/","venue":null,"acres":null,"miles":0.1,"approx":false,"osm":null},"geometry":{"type":"MultiLineString","coordinates":[[[-120.1815,39.29636],[-120.18261,39.29708]]]}},{"type":"Feature","properties":{"id":"trail-named-path-Big Chief Trail (Lower)","name":"Big Chief Trail (Lower)","kind":"trail","policy":"restricted","note":"Tahoe National Forest and town open space around Truckee — the Town's voice-and-visual-control standard applies inside town limits; check posted rules at trailheads.","source_url":"https://www.truckeepolice.gov/faq/is-there-a-leash-law-in-truckee-2/","venue":null,"acres":null,"miles":2.6,"approx":false,"osm":null},"geometry":{"type":"MultiLineString","coordinates":[[[-120.19891,39.24313],[-120.19923,39.24349],[-120.1992,39.24424],[-120.1997,39.24609],[-120.19956,39.24698],[-120.19854,39.24795],[-120.19824,39.24921],[-120.19693,39.24991],[-120.19674,39.25021],[-120.19674,39.25064],[-120.19716,39.2514],[-120.19827,39.25177],[-120.19868,39.25253],[-120.1987,39.25312],[-120.19904,39.25339],[-120.20012,39.25355],[-120.20146,39.25404],[-120.2023,39.25411],[-120.20279,39.25435],[-120.20286,39.2545],[-120.20273,39.25512],[-120.20219,39.25558],[-120.20184,39.25572],[-120.20041,39.25589],[-120.2002,39.25608],[-120.2005,39.25738],[-120.20067,39.2573],[-120.20073,39.25738],[-120.20076,39.25803],[-120.20119,39.25768],[-120.20116,39.25838],[-120.20136,39.25826],[-120.20135,39.25846],[-120.20161,39.25826],[-120.20154,39.2586],[-120.20189,39.25844],[-120.20135,39.25916],[-120.20132,39.25955],[-120.20137,39.25986],[-120.20192,39.26072],[-120.20191,39.26137],[-120.20147,39.26199],[-120.20108,39.26229],[-120.20097,39.26286],[-120.20123,39.26336],[-120.20177,39.26392],[-120.20184,39.26421],[-120.20206,39.26417],[-120.20215,39.26481],[-120.2024,39.26472],[-120.2025,39.26607],[-120.20275,39.26653],[-120.20271,39.26676],[-120.20173,39.26713],[-120.20069,39.2681],[-120.20033,39.26827],[-120.20064,39.2683],[-120.20045,39.26855],[-120.20082,39.26849],[-120.20064,39.2687],[-120.20085,39.26869],[-120.2006,39.26942],[-120.20082,39.26957],[-120.20104,39.27003]]]}},{"type":"Feature","properties":{"id":"trail-named-path-Big Chief/Sawtooth Connector Trail","name":"Big Chief/Sawtooth Connector Trail","kind":"trail","policy":"restricted","note":"Tahoe National Forest and town open space around Truckee — the Town's voice-and-visual-control standard applies inside town limits; check posted rules at trailheads.","source_url":"https://www.truckeepolice.gov/faq/is-there-a-leash-law-in-truckee-2/","venue":null,"acres":null,"miles":0.0,"approx":false,"osm":null},"geometry":{"type":"MultiLineString","coordinates":[[[-120.20104,39.27003],[-120.20138,39.27011]]]}},{"type":"Feature","properties":{"id":"trail-named-path-Bill-E-Goat","name":"Bill-E-Goat","kind":"trail","policy":"restricted","note":"Tahoe National Forest and town open space around Truckee — the Town's voice-and-visual-control standard applies inside town limits; check posted rules at trailheads.","source_url":"https://www.truckeepolice.gov/faq/is-there-a-leash-law-in-truckee-2/","venue":null,"acres":null,"miles":1.2,"approx":false,"osm":null},"geometry":{"type":"MultiLineString","coordinates":[[[-120.11705,39.26655],[-120.11747,39.26647],[-120.11739,39.26618],[-120.11759,39.26609],[-120.11748,39.26598]],[[-120.11756,39.26586],[-120.11745,39.26523],[-120.11629,39.26416],[-120.1162,39.26394],[-120.11636,39.26389],[-120.11612,39.2637],[-120.11647,39.26365],[-120.1164,39.26351],[-120.11652,39.26349],[-120.11697,39.26364],[-120.11759,39.26407],[-120.11835,39.26426],[-120.11845,39.26422],[-120.11835,39.26374],[-120.11901,39.26371]],[[-120.11748,39.26598],[-120.11756,39.26586]],[[-120.11949,39.26971],[-120.11812,39.27045],[-120.11763,39.27054],[-120.11723,39.27038],[-120.11648,39.269],[-120.11653,39.26877],[-120.11686,39.2688],[-120.11688,39.26832],[-120.11672,39.26808],[-120.11702,39.26798],[-120.11607,39.26721],[-120.11578,39.26648],[-120.11478,39.26601],[-120.11414,39.26592],[-120.11423,39.26578],[-120.11406,39.26559],[-120.11565,39.26525],[-120.11656,39.26566]]]}},{"type":"Feature","properties":{"id":"trail-named-path-Bobbles","name":"Bobbles","kind":"trail","policy":"restricted","note":"Tahoe National Forest and town open space around Truckee — the Town's voice-and-visual-control standard applies inside town limits; check posted rules at trailheads.","source_url":"https://www.truckeepolice.gov/faq/is-there-a-leash-law-in-truckee-2/","venue":null,"acres":null,"miles":2.6,"approx":false,"osm":null},"geometry":{"type":"MultiLineString","coordinates":[[[-120.1869,39.29503],[-120.18699,39.29484],[-120.18736,39.29473],[-120.18752,39.29414],[-120.18714,39.29383],[-120.18696,39.29287],[-120.18725,39.29216],[-120.18695,39.29182],[-120.18784,39.29106],[-120.18855,39.29066],[-120.18859,39.28965],[-120.18901,39.28805],[-120.18865,39.28707],[-120.18913,39.2863],[-120.18923,39.28588],[-120.18887,39.28553],[-120.18873,39.28508],[-120.189,39.28466],[-120.18899,39.28441],[-120.18808,39.28358],[-120.1883,39.28231],[-120.18796,39.28197],[-120.18704,39.28166],[-120.18712,39.28101],[-120.18786,39.28078],[-120.18801,39.2806],[-120.18854,39.28064],[-120.18944,39.28036],[-120.18988,39.28006],[-120.19052,39.27999],[-120.19094,39.28036],[-120.19274,39.27984],[-120.19346,39.27982],[-120.19384,39.27927],[-120.19423,39.27915],[-120.19495,39.27908],[-120.19505,39.27932],[-120.19551,39.27947],[-120.19621,39.27924],[-120.19652,39.27936],[-120.19682,39.27931],[-120.19747,39.27957],[-120.19811,39.27888],[-120.19846,39.27888],[-120.19845,39.27831],[-120.19813,39.27814],[-120.19804,39.2776],[-120.1977,39.27748],[-120.19752,39.2772],[-120.19782,39.27673],[-120.19767,39.27633],[-120.19785,39.27552],[-120.19832,39.27538],[-120.19867,39.27511],[-120.19936,39.27499],[-120.19927,39.27441],[-120.19976,39.27407],[-120.19987,39.27324],[-120.2001,39.27274],[-120.19997,39.27223],[-120.20024,39.2718],[-120.20029,39.27125],[-120.2005,39.27088],[-120.20025,39.27062],[-120.20017,39.26977]]]}},{"type":"Feature","properties":{"id":"trail-named-path-Boondocks","name":"Boondocks","kind":"trail","policy":"restricted","note":"Tahoe National Forest and town open space around Truckee — the Town's voice-and-visual-control standard applies inside town limits; check posted rules at trailheads.","source_url":"https://www.truckeepolice.gov/faq/is-there-a-leash-law-in-truckee-2/","venue":null,"acres":null,"miles":1.3,"approx":false,"osm":null},"geometry":{"type":"MultiLineString","coordinates":[[[-120.14092,39.26262],[-120.14051,39.26291],[-120.14029,39.26328],[-120.13944,39.26382],[-120.13897,39.26432],[-120.13797,39.26501],[-120.13754,39.26514],[-120.13697,39.26585],[-120.13655,39.26684],[-120.13659,39.26728],[-120.13629,39.26733],[-120.1361,39.26783],[-120.13617,39.2683],[-120.13596,39.26861],[-120.13553,39.2687],[-120.13502,39.26853],[-120.13488,39.26897],[-120.13498,39.2693],[-120.13444,39.26915],[-120.13449,39.2695],[-120.13396,39.2693],[-120.13338,39.26862],[-120.13119,39.26731],[-120.13099,39.26677],[-120.12986,39.26526],[-120.12983,39.26477],[-120.12915,39.26496],[-120.12866,39.26494],[-120.12652,39.26433]]]}},{"type":"Feature","properties":{"id":"trail-named-path-Boulder Dash","name":"Boulder Dash","kind":"trail","policy":"restricted","note":"Tahoe National Forest and town open space around Truckee — the Town's voice-and-visual-control standard applies inside town limits; check posted rules at trailheads.","source_url":"https://www.truckeepolice.gov/faq/is-there-a-leash-law-in-truckee-2/","venue":null,"acres":null,"miles":1.1,"approx":false,"osm":null},"geometry":{"type":"MultiLineString","coordinates":[[[-120.19996,39.27232],[-120.19885,39.2724],[-120.19863,39.27266],[-120.19838,39.27233],[-120.19824,39.27265],[-120.19773,39.2725],[-120.19747,39.27228],[-120.19663,39.27215],[-120.19566,39.27219],[-120.1954,39.27242],[-120.19406,39.27214],[-120.19324,39.27245],[-120.1934,39.27284],[-120.19318,39.27315],[-120.19369,39.27326],[-120.19377,39.27362],[-120.19344,39.27388],[-120.19321,39.27371],[-120.19298,39.2737],[-120.19191,39.27408],[-120.19191,39.27441],[-120.19156,39.27469],[-120.1916,39.27506],[-120.19137,39.27536],[-120.19114,39.27607],[-120.19085,39.27624],[-120.19027,39.27725],[-120.19044,39.27754],[-120.19019,39.27804],[-120.19024,39.27824],[-120.19073,39.27847],[-120.19123,39.27922],[-120.19214,39.28002]]]}},{"type":"Feature","properties":{"id":"trail-named-path-Brockway Road Trail","name":"Brockway Road Trail","kind":"trail","policy":"restricted","note":"Tahoe National Forest and town open space around Truckee — the Town's voice-and-visual-control standard applies inside town limits; check posted rules at trailheads.","source_url":"https://www.truckeepolice.gov/faq/is-there-a-leash-law-in-truckee-2/","venue":null,"acres":null,"miles":0.6,"approx":false,"osm":null},"geometry":{"type":"MultiLineString","coordinates":[[[-120.16305,39.32161],[-120.1716,39.32568],[-120.17233,39.32634]]]}},{"type":"Feature","properties":{"id":"trail-named-path-Broken Back Bridge","name":"Broken Back Bridge","kind":"trail","policy":"restricted","note":"Tahoe National Forest and town open space around Truckee — the Town's voice-and-visual-control standard applies inside town limits; check posted rules at trailheads.","source_url":"https://www.truckeepolice.gov/faq/is-there-a-leash-law-in-truckee-2/","venue":null,"acres":null,"miles":0.0,"approx":false,"osm":null},"geometry":{"type":"MultiLineString","coordinates":[[[-120.11871,39.29978],[-120.11876,39.29976]]]}},{"type":"Feature","properties":{"id":"trail-named-path-Buckaroo","name":"Buckaroo","kind":"trail","policy":"restricted","note":"Tahoe National Forest and town open space around Truckee — the Town's voice-and-visual-control standard applies inside town limits; check posted rules at trailheads.","source_url":"https://www.truckeepolice.gov/faq/is-there-a-leash-law-in-truckee-2/","venue":null,"acres":null,"miles":0.2,"approx":false,"osm":null},"geometry":{"type":"MultiLineString","coordinates":[[[-120.26437,39.37215],[-120.26464,39.37223],[-120.26423,39.37266],[-120.26455,39.3727],[-120.26405,39.37296],[-120.26337,39.37355],[-120.26365,39.37404],[-120.26364,39.37472]]]}},{"type":"Feature","properties":{"id":"trail-named-path-Captain Caveman","name":"Captain Caveman","kind":"trail","policy":"restricted","note":"Tahoe National Forest and town open space around Truckee — the Town's voice-and-visual-control standard applies inside town limits; check posted rules at trailheads.","source_url":"https://www.truckeepolice.gov/faq/is-there-a-leash-law-in-truckee-2/","venue":null,"acres":null,"miles":0.2,"approx":false,"osm":null},"geometry":{"type":"MultiLineString","coordinates":[[[-120.23077,39.30716],[-120.22964,39.30779],[-120.22891,39.30771],[-120.22923,39.30798],[-120.22926,39.30834],[-120.23013,39.30842],[-120.22999,39.30889]]]}},{"type":"Feature","properties":{"id":"trail-named-path-Carpenter Valley Trail","name":"Carpenter Valley Trail","kind":"trail","policy":"restricted","note":"Tahoe National Forest and town open space around Truckee — the Town's voice-and-visual-control standard applies inside town limits; check posted rules at trailheads.","source_url":"https://www.truckeepolice.gov/faq/is-there-a-leash-law-in-truckee-2/","venue":null,"acres":null,"miles":0.2,"approx":false,"osm":null},"geometry":{"type":"MultiLineString","coordinates":[[[-120.25493,39.38647],[-120.25502,39.38659],[-120.25542,39.38658],[-120.25631,39.38609],[-120.25687,39.3863],[-120.25721,39.38663],[-120.25728,39.38719],[-120.25759,39.38741],[-120.25738,39.38758]],[[-120.25637,39.3861],[-120.25633,39.38588]]]}},{"type":"Feature","properties":{"id":"trail-named-path-Cena Lar Trail","name":"Cena Lar Trail","kind":"trail","policy":"restricted","note":"Tahoe National Forest and town open space around Truckee — the Town's voice-and-visual-control standard applies inside town limits; check posted rules at trailheads.","source_url":"https://www.truckeepolice.gov/faq/is-there-a-leash-law-in-truckee-2/","venue":null,"acres":null,"miles":4.3,"approx":false,"osm":null},"geometry":{"type":"MultiLineString","coordinates":[[[-120.19692,39.26072],[-120.19658,39.25927],[-120.19479,39.25696],[-120.19399,39.25512],[-120.19368,39.25475],[-120.19232,39.2537],[-120.19202,39.25307],[-120.19047,39.25221],[-120.18999,39.25159],[-120.1879,39.2504],[-120.18738,39.25027],[-120.186,39.24948],[-120.18485,39.24914],[-120.18214,39.24789],[-120.18243,39.24765],[-120.18241,39.24745],[-120.18122,39.24655],[-120.18093,39.2466],[-120.18014,39.24633],[-120.17886,39.24571],[-120.17833,39.24529],[-120.17792,39.24528],[-120.177,39.24441],[-120.17675,39.24375],[-120.17594,39.24309],[-120.1754,39.24284],[-120.17526,39.24254],[-120.17496,39.24237],[-120.17471,39.24176],[-120.17414,39.24125],[-120.1741,39.24062],[-120.17394,39.24036],[-120.17346,39.24032],[-120.17314,39.24055],[-120.17301,39.24086],[-120.17215,39.24137],[-120.17195,39.24137],[-120.17161,39.24106],[-120.17082,39.24157],[-120.1696,39.242],[-120.16803,39.24214],[-120.16712,39.24243],[-120.16541,39.24233],[-120.1649,39.2425],[-120.1643,39.24228],[-120.16402,39.24231],[-120.1639,39.24246],[-120.16276,39.24237],[-120.16252,39.24215],[-120.16248,39.24165],[-120.1623,39.24148],[-120.16185,39.24145],[-120.16114,39.24168],[-120.16042,39.24128],[-120.16006,39.24087],[-120.15909,39.24048],[-120.15897,39.24022]],[[-120.17647,39.26177],[-120.17739,39.26221],[-120.17871,39.26244],[-120.18058,39.26228],[-120.18143,39.26234],[-120.18203,39.26216],[-120.1829,39.26131],[-120.18398,39.26119],[-120.18442,39.26128],[-120.18541,39.26174],[-120.18723,39.2621],[-120.18807,39.2629],[-120.19008,39.26398],[-120.19067,39.2642],[-120.19114,39.26423],[-120.19179,39.26403],[-120.19285,39.26338],[-120.19455,39.26329],[-120.19488,39.26312],[-120.19569,39.26241],[-120.19692,39.26072]]]}},{"type":"Feature","properties":{"id":"trail-named-path-Cinammon Twist","name":"Cinammon Twist","kind":"trail","policy":"restricted","note":"Tahoe National Forest and town open space around Truckee — the Town's voice-and-visual-control standard applies inside town limits; check posted rules at trailheads.","source_url":"https://www.truckeepolice.gov/faq/is-there-a-leash-law-in-truckee-2/","venue":null,"acres":null,"miles":1.3,"approx":false,"osm":null},"geometry":{"type":"MultiLineString","coordinates":[[[-120.26367,39.37481],[-120.26283,39.37459],[-120.26187,39.3747],[-120.2625,39.37409],[-120.26279,39.37357],[-120.26373,39.37288],[-120.26236,39.37314],[-120.26178,39.37348],[-120.26038,39.37371],[-120.26085,39.37334],[-120.26041,39.37331],[-120.26085,39.37309],[-120.26082,39.37299],[-120.26004,39.37303],[-120.25934,39.37334],[-120.25996,39.3726],[-120.25901,39.37308],[-120.25778,39.37329],[-120.25835,39.37284],[-120.25803,39.37254],[-120.25838,39.37169],[-120.25857,39.37056],[-120.25814,39.37002],[-120.25723,39.36998]],[[-120.25467,39.36878],[-120.25501,39.36858],[-120.25499,39.36892],[-120.25528,39.36877],[-120.25558,39.36904],[-120.25569,39.36943],[-120.25552,39.36969],[-120.25562,39.36975],[-120.25592,39.36964],[-120.25583,39.37017],[-120.25612,39.37037]]]}},{"type":"Feature","properties":{"id":"trail-named-path-Coaster","name":"Coaster","kind":"trail","policy":"restricted","note":"Tahoe National Forest and town open space around Truckee — the Town's voice-and-visual-control standard applies inside town limits; check posted rules at trailheads.","source_url":"https://www.truckeepolice.gov/faq/is-there-a-leash-law-in-truckee-2/","venue":null,"acres":null,"miles":2.2,"approx":false,"osm":null},"geometry":{"type":"MultiLineString","coordinates":[[[-120.12979,39.26662],[-120.12939,39.26643],[-120.12941,39.2662],[-120.1291,39.2663],[-120.12903,39.26601],[-120.12868,39.26614],[-120.12875,39.26524],[-120.12828,39.26563],[-120.12831,39.26507],[-120.12804,39.26528],[-120.1275,39.26538],[-120.12763,39.26492],[-120.12755,39.26464],[-120.12656,39.26468]],[[-120.13151,39.26417],[-120.13157,39.26434],[-120.1313,39.26491],[-120.13095,39.26685],[-120.13083,39.26683],[-120.13025,39.26611],[-120.13014,39.26655],[-120.13032,39.26713],[-120.1302,39.26716],[-120.12983,39.26684]],[[-120.14095,39.26041],[-120.14055,39.26079],[-120.13937,39.26358],[-120.13866,39.26439],[-120.13855,39.26419],[-120.13839,39.26423],[-120.13762,39.265],[-120.13749,39.26255],[-120.1372,39.26176],[-120.13698,39.26162],[-120.13669,39.26165],[-120.13649,39.26206],[-120.1361,39.26225],[-120.13562,39.26113],[-120.13537,39.26115],[-120.13459,39.26054],[-120.1345,39.26073],[-120.13427,39.26053],[-120.13416,39.26075],[-120.13393,39.26063],[-120.13367,39.26105],[-120.13338,39.2608],[-120.13323,39.26116],[-120.13314,39.26085],[-120.13295,39.26088],[-120.13246,39.26165],[-120.13214,39.26114],[-120.13197,39.26132],[-120.132,39.26163],[-120.13177,39.26163],[-120.13165,39.26176],[-120.13148,39.26134],[-120.13108,39.26235],[-120.13147,39.26278]],[[-120.1396,39.25707],[-120.1394,39.25724],[-120.13941,39.2575],[-120.13969,39.25828],[-120.14015,39.25871]]]}},{"type":"Feature","properties":{"id":"trail-named-path-Commemorative Overland Emigrant Trail","name":"Commemorative Overland Emigrant Trail","kind":"trail","policy":"restricted","note":"Tahoe National Forest and town open space around Truckee — the Town's voice-and-visual-control standard applies inside town limits; check posted rules at trailheads.","source_url":"https://www.truckeepolice.gov/faq/is-there-a-leash-law-in-truckee-2/","venue":null,"acres":null,"miles":9.1,"approx":false,"osm":null},"geometry":{"type":"MultiLineString","coordinates":[[[-120.18736,39.39687],[-120.18726,39.39703],[-120.18704,39.39703],[-120.18544,39.39634],[-120.18451,39.39608],[-120.18394,39.39565],[-120.18301,39.39546],[-120.18103,39.39477],[-120.18001,39.39398],[-120.17909,39.39345]],[[-120.22836,39.36867],[-120.22733,39.36714],[-120.22721,39.3664],[-120.22738,39.36579],[-120.22665,39.36515]],[[-120.18118,39.3916],[-120.18117,39.39176],[-120.17992,39.39242],[-120.17994,39.39259],[-120.17961,39.39284]],[[-120.17952,39.39291],[-120.17909,39.39345]],[[-120.18098,39.37582],[-120.18083,39.37633],[-120.18097,39.3767],[-120.18089,39.3769],[-120.17999,39.37717],[-120.17945,39.37751],[-120.17975,39.37856],[-120.17912,39.37909],[-120.1796,39.38042],[-120.17998,39.38103],[-120.18148,39.38263],[-120.18157,39.38332],[-120.181,39.38303],[-120.17962,39.38265],[-120.17887,39.3822],[-120.17659,39.38124],[-120.17588,39.38126],[-120.17499,39.38172],[-120.1756,39.38257],[-120.1767,39.38267],[-120.17686,39.38314],[-120.17717,39.38349],[-120.1777,39.38367],[-120.17797,39.3839],[-120.17899,39.38379],[-120.17972,39.38384],[-120.18006,39.38437],[-120.17987,39.38505],[-120.18083,39.38522],[-120.18133,39.38563],[-120.1816,39.38598],[-120.18143,39.38626],[-120.18072,39.38652],[-120.18001,39.38657],[-120.17983,39.38674],[-120.17966,39.38752],[-120.17985,39.38773],[-120.17971,39.38835],[-120.17981,39.38899],[-120.18,39.3892],[-120.18033,39.38928],[-120.18087,39.38914],[-120.18183,39.38911],[-120.18196,39.3895],[-120.18145,39.3898],[-120.18116,39.39047],[-120.18206,39.39045],[-120.18197,39.39112],[-120.18278,39.39074],[-120.18313,39.3899],[-120.1833,39.39001],[-120.18333,39.39046],[-120.18414,39.39054],[-120.1847,39.39079],[-120.18494,39.39127],[-120.18536,39.39153],[-120.18533,39.39183],[-120.18492,39.3922],[-120.18538,39.39242],[-120.18472,39.39276],[-120.18567,39.39328],[-120.18598,39.39358],[-120.18606,39.39419],[-120.18634,39.39467],[-120.18652,39.39587],[-120.1867,39.39601],[-120.18693,39.396],[-120.18691,39.39548]],[[-120.17909,39.39345],[-120.17766,39.39272],[-120.175,39.39083],[-120.17473,39.39083],[-120.17448,39.3912]],[[-120.17448,39.3912],[-120.174,39.39194]],[[-120.174,39.39194],[-120.17395,39.39198]],[[-120.1675,39.40006],[-120.16608,39.40239],[-120.16472,39.4027],[-120.16513,39.40321],[-120.16558,39.40444],[-120.16544,39.40505],[-120.16497,39.40589],[-120.16477,39.40608],[-120.16398,39.40629],[-120.16351,39.40662],[-120.16277,39.40776],[-120.16088,39.40951],[-120.1605,39.41035],[-120.15964,39.41092],[-120.15758,39.41172],[-120.15724,39.41253]],[[-120.17071,39.39351],[-120.16973,39.39405],[-120.1693,39.3947],[-120.16948,39.39535],[-120.16831,39.39626],[-120.16943,39.39689],[-120.16971,39.39787],[-120.16876,39.39776],[-120.16892,39.3983],[-120.16883,39.39856],[-120.16796,39.39881],[-120.1675,39.40006]],[[-120.17395,39.39198],[-120.17277,39.39265],[-120.17144,39.39306],[-120.17112,39.39337],[-120.17071,39.39351]],[[-120.18277,39.37555],[-120.18337,39.37451],[-120.18345,39.37368],[-120.18392,39.37358],[-120.18497,39.37163],[-120.18827,39.36868],[-120.18959,39.36783],[-120.1906,39.36741],[-120.19067,39.36727]],[[-120.19493,39.36684],[-120.19473,39.36696],[-120.19423,39.36696],[-120.19331,39.36671],[-120.19281,39.36673],[-120.19175,39.3669],[-120.19067,39.36727]],[[-120.19495,39.36669],[-120.19502,39.36653],[-120.19577,39.3662],[-120.19704,39.3659],[-120.1978,39.36592],[-120.19847,39.36547],[-120.20154,39.36482],[-120.20268,39.36385],[-120.20381,39.36378],[-120.20549,39.36309],[-120.20898,39.36252],[-120.20986,39.36255],[-120.21169,39.36215],[-120.21226,39.36185],[-120.21406,39.36151],[-120.21458,39.36173],[-120.2152,39.36178],[-120.21571,39.36232],[-120.21652,39.36263],[-120.21924,39.36237],[-120.2224,39.36238],[-120.22317,39.36263],[-120.22459,39.3638],[-120.22535,39.36396],[-120.22639,39.36443],[-120.2269,39.36481],[-120.2268,39.36501]],[[-120.19493,39.36684],[-120.19495,39.36669]],[[-120.22665,39.36515],[-120.2268,39.36501]]]}},{"type":"Feature","properties":{"id":"trail-named-path-Compass Skills Lower Loop","name":"Compass Skills Lower Loop","kind":"trail","policy":"restricted","note":"Tahoe National Forest and town open space around Truckee — the Town's voice-and-visual-control standard applies inside town limits; check posted rules at trailheads.","source_url":"https://www.truckeepolice.gov/faq/is-there-a-leash-law-in-truckee-2/","venue":null,"acres":null,"miles":0.3,"approx":false,"osm":null},"geometry":{"type":"MultiLineString","coordinates":[[[-120.19119,39.30963],[-120.19072,39.30963],[-120.19132,39.30931],[-120.19087,39.30918],[-120.19066,39.309],[-120.19081,39.30849],[-120.1907,39.30823],[-120.19098,39.30807],[-120.19126,39.30823],[-120.1914,39.30873],[-120.19162,39.30889],[-120.1915,39.3091],[-120.19168,39.30922],[-120.19143,39.30936],[-120.19151,39.30948],[-120.19119,39.30963]]]}},{"type":"Feature","properties":{"id":"trail-named-path-Compass Skills Upper Loop","name":"Compass Skills Upper Loop","kind":"trail","policy":"restricted","note":"Tahoe National Forest and town open space around Truckee — the Town's voice-and-visual-control standard applies inside town limits; check posted rules at trailheads.","source_url":"https://www.truckeepolice.gov/faq/is-there-a-leash-law-in-truckee-2/","venue":null,"acres":null,"miles":0.6,"approx":false,"osm":null},"geometry":{"type":"MultiLineString","coordinates":[[[-120.19098,39.30807],[-120.19119,39.30789],[-120.19108,39.30766],[-120.19071,39.30746],[-120.19075,39.30729],[-120.19056,39.30711],[-120.19064,39.30678],[-120.18973,39.30633],[-120.19004,39.30605],[-120.19046,39.30597],[-120.191,39.30611],[-120.19147,39.30667],[-120.19235,39.30712],[-120.19331,39.30826],[-120.1933,39.30856],[-120.19302,39.309],[-120.19219,39.30948],[-120.1914,39.30957]]]}},{"type":"Feature","properties":{"id":"trail-named-path-Comstock Drive Trail","name":"Comstock Drive Trail","kind":"trail","policy":"restricted","note":"Tahoe National Forest and town open space around Truckee — the Town's voice-and-visual-control standard applies inside town limits; check posted rules at trailheads.","source_url":"https://www.truckeepolice.gov/faq/is-there-a-leash-law-in-truckee-2/","venue":null,"acres":null,"miles":0.7,"approx":false,"osm":null},"geometry":{"type":"MultiLineString","coordinates":[[[-120.17923,39.34422],[-120.17984,39.34352],[-120.18266,39.33893]],[[-120.1783,39.3463],[-120.17828,39.34593],[-120.17882,39.34515],[-120.17923,39.34422]],[[-120.18271,39.33886],[-120.18382,39.33709]],[[-120.18266,39.33893],[-120.18271,39.33886]]]}},{"type":"Feature","properties":{"id":"trail-named-path-Crosscut Trail","name":"Crosscut Trail","kind":"trail","policy":"restricted","note":"Tahoe National Forest and town open space around Truckee — the Town's voice-and-visual-control standard applies inside town limits; check posted rules at trailheads.","source_url":"https://www.truckeepolice.gov/faq/is-there-a-leash-law-in-truckee-2/","venue":null,"acres":null,"miles":0.4,"approx":false,"osm":null},"geometry":{"type":"MultiLineString","coordinates":[[[-120.19727,39.30543],[-120.19892,39.30459],[-120.20005,39.30335],[-120.20025,39.30343],[-120.20107,39.30452],[-120.20179,39.30373]]]}},{"type":"Feature","properties":{"id":"trail-named-path-Deerfield Trail","name":"Deerfield Trail","kind":"trail","policy":"restricted","note":"Tahoe National Forest and town open space around Truckee — the Town's voice-and-visual-control standard applies inside town limits; check posted rules at trailheads.","source_url":"https://www.truckeepolice.gov/faq/is-there-a-leash-law-in-truckee-2/","venue":null,"acres":null,"miles":0.1,"approx":false,"osm":null},"geometry":{"type":"MultiLineString","coordinates":[[[-120.21171,39.32164],[-120.20971,39.32074]]]}},{"type":"Feature","properties":{"id":"trail-named-path-Dogbone","name":"Dogbone","kind":"trail","policy":"restricted","note":"Tahoe National Forest and town open space around Truckee — the Town's voice-and-visual-control standard applies inside town limits; check posted rules at trailheads.","source_url":"https://www.truckeepolice.gov/faq/is-there-a-leash-law-in-truckee-2/","venue":null,"acres":null,"miles":0.1,"approx":false,"osm":null},"geometry":{"type":"MultiLineString","coordinates":[[[-120.12501,39.25979],[-120.12545,39.26021],[-120.1254,39.26064],[-120.12517,39.26088]]]}},{"type":"Feature","properties":{"id":"trail-named-path-Dogs in Space","name":"Dogs in Space","kind":"trail","policy":"restricted","note":"Tahoe National Forest and town open space around Truckee — the Town's voice-and-visual-control standard applies inside town limits; check posted rules at trailheads.","source_url":"https://www.truckeepolice.gov/faq/is-there-a-leash-law-in-truckee-2/","venue":null,"acres":null,"miles":0.4,"approx":false,"osm":null},"geometry":{"type":"MultiLineString","coordinates":[[[-120.26614,39.35806],[-120.26632,39.35855],[-120.26696,39.35897],[-120.26692,39.35987],[-120.26676,39.36031],[-120.26608,39.36048],[-120.26562,39.36098]],[[-120.26714,39.35636],[-120.26631,39.35731],[-120.26613,39.35766],[-120.26614,39.35806]]]}},{"type":"Feature","properties":{"id":"trail-named-path-Donkey Town Connector","name":"Donkey Town Connector","kind":"trail","policy":"restricted","note":"Tahoe National Forest and town open space around Truckee — the Town's voice-and-visual-control standard applies inside town limits; check posted rules at trailheads.","source_url":"https://www.truckeepolice.gov/faq/is-there-a-leash-law-in-truckee-2/","venue":null,"acres":null,"miles":0.1,"approx":false,"osm":null},"geometry":{"type":"MultiLineString","coordinates":[[[-120.22735,39.30936],[-120.22727,39.30995],[-120.22743,39.31051]]]}},{"type":"Feature","properties":{"id":"trail-named-path-Donkey Town Trail","name":"Donkey Town Trail","kind":"trail","policy":"restricted","note":"Tahoe National Forest and town open space around Truckee — the Town's voice-and-visual-control standard applies inside town limits; check posted rules at trailheads.","source_url":"https://www.truckeepolice.gov/faq/is-there-a-leash-law-in-truckee-2/","venue":null,"acres":null,"miles":2.3,"approx":false,"osm":null},"geometry":{"type":"MultiLineString","coordinates":[[[-120.22651,39.31115],[-120.22609,39.3116],[-120.2256,39.31179],[-120.22519,39.31262],[-120.22476,39.31261],[-120.2243,39.31296],[-120.22402,39.31291],[-120.22364,39.31311],[-120.22309,39.31315],[-120.22254,39.31345],[-120.22184,39.31361],[-120.22151,39.3135],[-120.22105,39.31355],[-120.22081,39.31385],[-120.22003,39.31361],[-120.21981,39.31381],[-120.2197,39.31364],[-120.21955,39.31385],[-120.21948,39.31359],[-120.2193,39.31349],[-120.21888,39.31385],[-120.21822,39.3141],[-120.218,39.31394],[-120.2179,39.31353],[-120.21766,39.31343],[-120.21778,39.31325],[-120.21723,39.31328],[-120.21768,39.31307],[-120.2179,39.3126],[-120.21825,39.31239],[-120.21806,39.31229],[-120.21768,39.31246],[-120.21771,39.31203],[-120.21743,39.31171],[-120.21707,39.31209],[-120.21622,39.31203],[-120.21555,39.31224],[-120.21558,39.31209],[-120.21528,39.31205],[-120.21279,39.31262],[-120.21127,39.31258],[-120.21063,39.31276],[-120.21036,39.31255],[-120.21011,39.31267],[-120.20968,39.31246],[-120.20961,39.31231],[-120.20995,39.31171],[-120.20897,39.31204],[-120.2092,39.31113],[-120.20913,39.31101],[-120.20866,39.31106],[-120.20881,39.31056],[-120.20813,39.3108],[-120.20765,39.31083],[-120.20755,39.31113],[-120.20712,39.31143],[-120.20735,39.31088],[-120.20767,39.31059],[-120.20796,39.31065],[-120.2087,39.31032],[-120.20924,39.31038],[-120.21057,39.31024],[-120.21057,39.31011],[-120.20963,39.30996],[-120.21014,39.30982],[-120.21018,39.30975],[-120.20999,39.30971]],[[-120.22999,39.30889],[-120.22989,39.30936],[-120.22951,39.30995],[-120.22872,39.3101],[-120.22853,39.31026],[-120.22815,39.31017],[-120.22797,39.31048],[-120.2276,39.31042],[-120.22729,39.31059],[-120.22718,39.31091],[-120.22677,39.31116],[-120.22651,39.31115]]]}},{"type":"Feature","properties":{"id":"trail-named-path-Donner Lake Rim Trail","name":"Donner Lake Rim Trail","kind":"trail","policy":"restricted","note":"Tahoe National Forest and town open space around Truckee — the Town's voice-and-visual-control standard applies inside town limits; check posted rules at trailheads.","source_url":"https://www.truckeepolice.gov/faq/is-there-a-leash-law-in-truckee-2/","venue":null,"acres":null,"miles":5.7,"approx":false,"osm":null},"geometry":{"type":"MultiLineString","coordinates":[[[-120.28595,39.34915],[-120.2851,39.34891],[-120.28488,39.34844],[-120.28375,39.34528],[-120.28332,39.34305],[-120.28264,39.34143],[-120.28269,39.34007]],[[-120.21702,39.33676],[-120.21823,39.33644],[-120.21937,39.33663],[-120.21994,39.33644],[-120.22176,39.33651],[-120.22217,39.33612],[-120.22455,39.33546],[-120.22587,39.33479],[-120.22683,39.33468],[-120.22839,39.335],[-120.23019,39.33507],[-120.23155,39.33472],[-120.23155,39.33495],[-120.23209,39.33481],[-120.23265,39.33497],[-120.23385,39.33492],[-120.23408,39.33501],[-120.23374,39.33514],[-120.23417,39.33519],[-120.23389,39.33532],[-120.2343,39.33537],[-120.23569,39.33501],[-120.23613,39.33455],[-120.23652,39.33454],[-120.23711,39.33478],[-120.23771,39.33483],[-120.2391,39.33477],[-120.24188,39.33401],[-120.24283,39.33445],[-120.24312,39.33444],[-120.24351,39.33464],[-120.24594,39.3352],[-120.24858,39.3354],[-120.25171,39.33607],[-120.25671,39.3359],[-120.25923,39.33544],[-120.26102,39.33547],[-120.26295,39.33511],[-120.26031,39.33586],[-120.26068,39.33592],[-120.26053,39.33608],[-120.26114,39.33605],[-120.26248,39.3357],[-120.26348,39.33606],[-120.26454,39.3355],[-120.26457,39.33564],[-120.26409,39.33596],[-120.26405,39.33614],[-120.26492,39.33579],[-120.26515,39.33582],[-120.26464,39.3362],[-120.26407,39.33726],[-120.26485,39.33715],[-120.26652,39.33657],[-120.26686,39.33657],[-120.26678,39.33682],[-120.26712,39.33662],[-120.26808,39.33651],[-120.2683,39.33642],[-120.26867,39.33589],[-120.26948,39.33539],[-120.26963,39.33544],[-120.26972,39.33593],[-120.26951,39.33627],[-120.26968,39.33638]],[[-120.2822,39.33994],[-120.28181,39.33982],[-120.28136,39.33918],[-120.28137,39.3389],[-120.28162,39.33857],[-120.28151,39.33843],[-120.28129,39.33836],[-120.28081,39.33857],[-120.28078,39.33845],[-120.28113,39.33826],[-120.28102,39.3382],[-120.28032,39.33844],[-120.2796,39.33844],[-120.27864,39.33794],[-120.27827,39.33788],[-120.27842,39.33773],[-120.27883,39.33778],[-120.27876,39.33762],[-120.27791,39.33742],[-120.27742,39.33752],[-120.27685,39.33745],[-120.2765,39.33724],[-120.27589,39.33713],[-120.27519,39.33667],[-120.27459,39.33579],[-120.27444,39.33526],[-120.27415,39.33506],[-120.27276,39.33599],[-120.27199,39.33594],[-120.27171,39.33616],[-120.2718,39.33591],[-120.27158,39.33596]],[[-120.21702,39.33676],[-120.21401,39.33677],[-120.21337,39.33666],[-120.21194,39.33665]],[[-120.26968,39.33638],[-120.26987,39.33647],[-120.26958,39.33684],[-120.26962,39.33695]],[[-120.28269,39.34007],[-120.2822,39.33994]]]}},{"type":"Feature","properties":{"id":"trail-named-path-Donner Memorial Connector Path (Washed Out)","name":"Donner Memorial Connector Path (Washed Out)","kind":"trail","policy":"restricted","note":"Tahoe National Forest and town open space around Truckee — the Town's voice-and-visual-control standard applies inside town limits; check posted rules at trailheads.","source_url":"https://www.truckeepolice.gov/faq/is-there-a-leash-law-in-truckee-2/","venue":null,"acres":null,"miles":0.2,"approx":false,"osm":null},"geometry":{"type":"MultiLineString","coordinates":[[[-120.24664,39.30565],[-120.24644,39.30539],[-120.24599,39.30515],[-120.24558,39.30514],[-120.24525,39.30546],[-120.24387,39.3057],[-120.24398,39.30519]]]}},{"type":"Feature","properties":{"id":"trail-named-path-Drifter Wall","name":"Drifter Wall","kind":"trail","policy":"restricted","note":"Tahoe National Forest and town open space around Truckee — the Town's voice-and-visual-control standard applies inside town limits; check posted rules at trailheads.","source_url":"https://www.truckeepolice.gov/faq/is-there-a-leash-law-in-truckee-2/","venue":null,"acres":null,"miles":0.4,"approx":false,"osm":null},"geometry":{"type":"MultiLineString","coordinates":[[[-120.27956,39.35812],[-120.2807,39.35737],[-120.28181,39.35626],[-120.28256,39.35585],[-120.28145,39.3558],[-120.28018,39.35592],[-120.27959,39.35577]]]}},{"type":"Feature","properties":{"id":"trail-named-path-East Martis Creek Trail","name":"East Martis Creek Trail","kind":"trail","policy":"restricted","note":"Tahoe National Forest and town open space around Truckee — the Town's voice-and-visual-control standard applies inside town limits; check posted rules at trailheads.","source_url":"https://www.truckeepolice.gov/faq/is-there-a-leash-law-in-truckee-2/","venue":null,"acres":null,"miles":0.9,"approx":false,"osm":null},"geometry":{"type":"MultiLineString","coordinates":[[[-120.09563,39.30835],[-120.09719,39.30863],[-120.09902,39.30846],[-120.09919,39.30832],[-120.10017,39.30805],[-120.10195,39.30811],[-120.1023,39.3078],[-120.1023,39.30758],[-120.1032,39.30733],[-120.10342,39.30746],[-120.10355,39.3073],[-120.10457,39.30775],[-120.10456,39.30759],[-120.10487,39.30765],[-120.10664,39.30883],[-120.10733,39.30961],[-120.10858,39.30989],[-120.10942,39.30974],[-120.10959,39.30987],[-120.10953,39.31005]]]}},{"type":"Feature","properties":{"id":"trail-named-path-East Mustang Sally","name":"East Mustang Sally","kind":"trail","policy":"restricted","note":"Tahoe National Forest and town open space around Truckee — the Town's voice-and-visual-control standard applies inside town limits; check posted rules at trailheads.","source_url":"https://www.truckeepolice.gov/faq/is-there-a-leash-law-in-truckee-2/","venue":null,"acres":null,"miles":0.1,"approx":false,"osm":null},"geometry":{"type":"MultiLineString","coordinates":[[[-120.26581,39.3791],[-120.2647,39.37891]]]}},{"type":"Feature","properties":{"id":"trail-named-path-East Perimeter Trail","name":"East Perimeter Trail","kind":"trail","policy":"restricted","note":"Tahoe National Forest and town open space around Truckee — the Town's voice-and-visual-control standard applies inside town limits; check posted rules at trailheads.","source_url":"https://www.truckeepolice.gov/faq/is-there-a-leash-law-in-truckee-2/","venue":null,"acres":null,"miles":7.3,"approx":false,"osm":null},"geometry":{"type":"MultiLineString","coordinates":[[[-120.20745,39.34074],[-120.20694,39.34099],[-120.20656,39.34093],[-120.20617,39.34114],[-120.20581,39.34085],[-120.20584,39.34141],[-120.20491,39.34103],[-120.20451,39.3407],[-120.20427,39.3408],[-120.20311,39.34056],[-120.20304,39.33896],[-120.20289,39.33866],[-120.20145,39.33756],[-120.20174,39.33816],[-120.2014,39.33802],[-120.20138,39.33827],[-120.20022,39.33771],[-120.19905,39.33694],[-120.19917,39.33741],[-120.19955,39.33787],[-120.19889,39.33774],[-120.19912,39.33811],[-120.19872,39.33811],[-120.19907,39.33837],[-120.19863,39.33867],[-120.19859,39.33942],[-120.19873,39.33958]],[[-120.19873,39.33958],[-120.19859,39.33969],[-120.19874,39.34018],[-120.19933,39.34037],[-120.19984,39.34071],[-120.20003,39.34145],[-120.20077,39.34289]],[[-120.20077,39.34289],[-120.20062,39.34304],[-120.20003,39.34283],[-120.19901,39.34276],[-120.19885,39.34282],[-120.19856,39.34349],[-120.19843,39.34457],[-120.19863,39.34627],[-120.19851,39.34947],[-120.19889,39.35019],[-120.19928,39.35055],[-120.19946,39.35139],[-120.19962,39.3515],[-120.20009,39.35153],[-120.20381,39.35147],[-120.20618,39.35138],[-120.20675,39.35127],[-120.20773,39.35155],[-120.20788,39.35251],[-120.20814,39.35268],[-120.20827,39.35303],[-120.20798,39.3536],[-120.20808,39.35375],[-120.20793,39.35384],[-120.20787,39.35501],[-120.20802,39.35518],[-120.20847,39.35458],[-120.20869,39.35465],[-120.2084,39.3555],[-120.20814,39.3557],[-120.20783,39.35566],[-120.20782,39.35587],[-120.20797,39.35596],[-120.20783,39.35602],[-120.20805,39.35618],[-120.20785,39.3562],[-120.20788,39.35628]],[[-120.23692,39.36982],[-120.23754,39.36936],[-120.23639,39.3686],[-120.23588,39.36749],[-120.23569,39.36389],[-120.23583,39.36246],[-120.23575,39.35962],[-120.2363,39.35904],[-120.23656,39.35815],[-120.2372,39.35711]],[[-120.23647,39.35835],[-120.23606,39.35859],[-120.23517,39.35886],[-120.23342,39.35883],[-120.23294,39.35892],[-120.2295,39.35887],[-120.22846,39.35866],[-120.22828,39.35839],[-120.22814,39.35839],[-120.22795,39.35867],[-120.22751,39.35843],[-120.2272,39.35803],[-120.2269,39.35797],[-120.22698,39.35827],[-120.2267,39.35835],[-120.22687,39.35866],[-120.22512,39.35801],[-120.22528,39.3583],[-120.22418,39.3588],[-120.22356,39.35889],[-120.22187,39.35871],[-120.22156,39.3588],[-120.22121,39.35871],[-120.21762,39.35884],[-120.21663,39.35867],[-120.21486,39.35884],[-120.21373,39.35859],[-120.21264,39.35862],[-120.21241,39.35852],[-120.21214,39.35879],[-120.21079,39.35892],[-120.21036,39.35888],[-120.21025,39.35865],[-120.20992,39.35887],[-120.20999,39.35864]],[[-120.25395,39.37134],[-120.25399,39.37271],[-120.25364,39.37303]],[[-120.25461,39.36996],[-120.2545,39.37002],[-120.25441,39.37137],[-120.25428,39.37145],[-120.25395,39.37134]],[[-120.25083,39.37338],[-120.25048,39.37343],[-120.2498,39.37318],[-120.24955,39.37322],[-120.24917,39.37285],[-120.24887,39.37313],[-120.24874,39.37277],[-120.24862,39.373],[-120.2485,39.37281],[-120.2483,39.37333],[-120.24817,39.37338],[-120.24767,39.3734],[-120.24738,39.37328],[-120.24696,39.3734],[-120.24582,39.37338],[-120.24539,39.37349],[-120.24319,39.37338],[-120.24262,39.37357],[-120.24197,39.37355],[-120.24158,39.37373],[-120.24097,39.37351],[-120.23968,39.37334],[-120.23791,39.37245],[-120.23723,39.37231],[-120.2375,39.37202],[-120.23634,39.37163],[-120.2361,39.37142],[-120.23588,39.3706]],[[-120.25204,39.37355],[-120.25162,39.37331],[-120.25083,39.37338]],[[-120.25364,39.37303],[-120.25272,39.37324],[-120.25248,39.37353],[-120.25204,39.37355]],[[-120.20794,39.35648],[-120.20782,39.35699],[-120.20794,39.35703],[-120.20782,39.35722],[-120.20789,39.35842],[-120.20819,39.35851],[-120.20856,39.35886]],[[-120.20978,39.35882],[-120.20856,39.35886]],[[-120.20307,39.34054],[-120.2024,39.34066]]]}},{"type":"Feature","properties":{"id":"trail-named-path-Easy Rider","name":"Easy Rider","kind":"trail","policy":"restricted","note":"Tahoe National Forest and town open space around Truckee — the Town's voice-and-visual-control standard applies inside town limits; check posted rules at trailheads.","source_url":"https://www.truckeepolice.gov/faq/is-there-a-leash-law-in-truckee-2/","venue":null,"acres":null,"miles":1.0,"approx":false,"osm":null},"geometry":{"type":"MultiLineString","coordinates":[[[-120.12418,39.26492],[-120.12434,39.26506],[-120.1239,39.26549],[-120.12395,39.26569],[-120.1238,39.26578],[-120.1242,39.26598],[-120.12404,39.26669],[-120.12275,39.26898],[-120.12256,39.26957],[-120.12269,39.27122],[-120.12332,39.27225],[-120.12327,39.27233],[-120.12278,39.27222],[-120.12317,39.27274],[-120.12288,39.2731],[-120.12305,39.27326],[-120.1237,39.27329],[-120.12313,39.27369],[-120.12227,39.27358],[-120.12269,39.27393],[-120.1234,39.27418],[-120.12322,39.27429],[-120.12243,39.27421],[-120.12298,39.27485],[-120.12263,39.27528],[-120.12237,39.2753]]]}},{"type":"Feature","properties":{"id":"trail-named-path-El Burro","name":"El Burro","kind":"trail","policy":"restricted","note":"Tahoe National Forest and town open space around Truckee — the Town's voice-and-visual-control standard applies inside town limits; check posted rules at trailheads.","source_url":"https://www.truckeepolice.gov/faq/is-there-a-leash-law-in-truckee-2/","venue":null,"acres":null,"miles":0.3,"approx":false,"osm":null},"geometry":{"type":"MultiLineString","coordinates":[[[-120.20506,39.31209],[-120.20478,39.31328],[-120.2044,39.31389],[-120.20444,39.31446],[-120.20427,39.31469],[-120.20467,39.31522],[-120.20421,39.31522],[-120.20404,39.31503]]]}},{"type":"Feature","properties":{"id":"trail-named-path-El Burro Trail","name":"El Burro Trail","kind":"trail","policy":"restricted","note":"Tahoe National Forest and town open space around Truckee — the Town's voice-and-visual-control standard applies inside town limits; check posted rules at trailheads.","source_url":"https://www.truckeepolice.gov/faq/is-there-a-leash-law-in-truckee-2/","venue":null,"acres":null,"miles":0.9,"approx":false,"osm":null},"geometry":{"type":"MultiLineString","coordinates":[[[-120.22502,39.31261],[-120.22513,39.3123],[-120.22468,39.31229],[-120.22465,39.31196],[-120.22417,39.3122],[-120.22262,39.31204],[-120.21747,39.31004],[-120.21684,39.30995],[-120.21534,39.30937],[-120.21425,39.30913],[-120.21288,39.30908],[-120.21227,39.30931],[-120.2114,39.3093],[-120.21048,39.3096]]]}},{"type":"Feature","properties":{"id":"trail-named-path-Elizabethtown Meadows Trail","name":"Elizabethtown Meadows Trail","kind":"trail","policy":"restricted","note":"Tahoe National Forest and town open space around Truckee — the Town's voice-and-visual-control standard applies inside town limits; check posted rules at trailheads.","source_url":"https://www.truckeepolice.gov/faq/is-there-a-leash-law-in-truckee-2/","venue":null,"acres":null,"miles":2.2,"approx":false,"osm":null},"geometry":{"type":"MultiLineString","coordinates":[[[-120.10344,39.28695],[-120.10392,39.28706]],[[-120.10314,39.28695],[-120.10344,39.28695]],[[-120.10197,39.30708],[-120.10199,39.30681],[-120.10159,39.30683],[-120.10109,39.30708],[-120.10047,39.30718],[-120.10022,39.30699],[-120.10043,39.30671],[-120.10106,39.30628],[-120.10142,39.30584],[-120.10234,39.30534],[-120.10409,39.30503],[-120.10454,39.30435],[-120.10551,39.30355],[-120.10506,39.30327],[-120.1062,39.30311],[-120.10569,39.30299],[-120.10569,39.30259],[-120.10547,39.30232],[-120.1055,39.30212],[-120.10584,39.30187],[-120.10581,39.3016],[-120.10495,39.30086],[-120.10442,39.30014],[-120.10405,39.30007],[-120.1039,39.30038],[-120.10338,39.30087],[-120.10324,39.30083],[-120.10308,39.30026],[-120.10261,39.30041],[-120.10296,39.29971],[-120.10242,39.29899],[-120.10269,39.29841],[-120.10261,39.29799],[-120.10237,39.29764],[-120.10269,39.29739],[-120.10239,39.29735],[-120.10265,39.29718],[-120.10235,39.29717],[-120.10233,39.29611],[-120.10193,39.29562],[-120.10197,39.29515],[-120.10173,39.29482],[-120.10135,39.29465],[-120.10117,39.2943],[-120.10116,39.29399],[-120.10146,39.29383],[-120.10158,39.29343],[-120.1015,39.29269],[-120.10134,39.29245],[-120.10157,39.29164],[-120.10131,39.29112],[-120.10143,39.29101],[-120.10153,39.29001],[-120.10195,39.28929],[-120.10178,39.28845],[-120.1019,39.28803],[-120.10275,39.28773],[-120.1029,39.28708],[-120.10314,39.28695]],[[-120.10199,39.30715],[-120.10197,39.30708]],[[-120.1032,39.30733],[-120.10282,39.30713],[-120.10199,39.30715]]]}},{"type":"Feature","properties":{"id":"trail-named-path-Emigrant Alternate","name":"Emigrant Alternate","kind":"trail","policy":"restricted","note":"Tahoe National Forest and town open space around Truckee — the Town's voice-and-visual-control standard applies inside town limits; check posted rules at trailheads.","source_url":"https://www.truckeepolice.gov/faq/is-there-a-leash-law-in-truckee-2/","venue":null,"acres":null,"miles":1.0,"approx":false,"osm":null},"geometry":{"type":"MultiLineString","coordinates":[[[-120.18506,39.39133],[-120.1827,39.39177],[-120.18217,39.39153],[-120.18129,39.39165],[-120.18053,39.39125],[-120.18058,39.39073],[-120.18037,39.39033],[-120.1785,39.38871],[-120.17816,39.38824],[-120.1768,39.38723],[-120.17586,39.38621],[-120.1766,39.38488],[-120.17596,39.38318],[-120.17623,39.3826]]]}},{"type":"Feature","properties":{"id":"trail-named-path-Emigrant Trail Access","name":"Emigrant Trail Access","kind":"trail","policy":"restricted","note":"Tahoe National Forest and town open space around Truckee — the Town's voice-and-visual-control standard applies inside town limits; check posted rules at trailheads.","source_url":"https://www.truckeepolice.gov/faq/is-there-a-leash-law-in-truckee-2/","venue":null,"acres":null,"miles":0.7,"approx":false,"osm":null},"geometry":{"type":"MultiLineString","coordinates":[[[-120.23538,39.36896],[-120.23439,39.36865],[-120.23349,39.3687],[-120.2321,39.368],[-120.23173,39.36735],[-120.23126,39.36701],[-120.22987,39.36704],[-120.22901,39.36689],[-120.22869,39.36664],[-120.22793,39.36552],[-120.2269,39.36481]],[[-120.23588,39.3706],[-120.23604,39.36955],[-120.23538,39.36896]]]}},{"type":"Feature","properties":{"id":"trail-named-path-Erika's Trail","name":"Erika's Trail","kind":"trail","policy":"restricted","note":"Tahoe National Forest and town open space around Truckee — the Town's voice-and-visual-control standard applies inside town limits; check posted rules at trailheads.","source_url":"https://www.truckeepolice.gov/faq/is-there-a-leash-law-in-truckee-2/","venue":null,"acres":null,"miles":1.2,"approx":false,"osm":null},"geometry":{"type":"MultiLineString","coordinates":[[[-120.10208,39.32246],[-120.1026,39.32311],[-120.10315,39.3229],[-120.10386,39.32283],[-120.10417,39.32254],[-120.10431,39.32298],[-120.10464,39.32251],[-120.10456,39.32205],[-120.10469,39.32182],[-120.10579,39.32123],[-120.10554,39.32169]],[[-120.09749,39.32059],[-120.09857,39.32113],[-120.09935,39.321],[-120.09962,39.32082],[-120.10014,39.32108],[-120.10097,39.32213],[-120.10143,39.32188],[-120.10205,39.32193],[-120.10208,39.32246]],[[-120.10554,39.32169],[-120.10534,39.32194],[-120.10566,39.32252],[-120.10575,39.32312],[-120.10552,39.32371],[-120.10593,39.32367],[-120.10555,39.32418],[-120.10602,39.32435],[-120.1055,39.32462],[-120.10459,39.32541],[-120.10396,39.32564],[-120.10508,39.32576],[-120.10453,39.32609]]]}},{"type":"Feature","properties":{"id":"trail-named-path-Flying Dutchman","name":"Flying Dutchman","kind":"trail","policy":"restricted","note":"Tahoe National Forest and town open space around Truckee — the Town's voice-and-visual-control standard applies inside town limits; check posted rules at trailheads.","source_url":"https://www.truckeepolice.gov/faq/is-there-a-leash-law-in-truckee-2/","venue":null,"acres":null,"miles":1.0,"approx":false,"osm":null},"geometry":{"type":"MultiLineString","coordinates":[[[-120.19468,39.29219],[-120.19431,39.29115],[-120.19388,39.2909],[-120.19333,39.29007],[-120.19329,39.28931],[-120.1935,39.28878],[-120.19378,39.2885],[-120.19427,39.28828],[-120.19518,39.28761],[-120.19543,39.28726],[-120.19602,39.28698],[-120.19636,39.28623],[-120.19654,39.28539],[-120.19735,39.28405],[-120.19722,39.28284],[-120.19639,39.28143],[-120.19626,39.28077],[-120.19642,39.28042],[-120.19606,39.27992],[-120.19595,39.27934]]]}},{"type":"Feature","properties":{"id":"trail-named-path-Frishman Hollow Trail","name":"Frishman Hollow Trail","kind":"trail","policy":"restricted","note":"Tahoe National Forest and town open space around Truckee — the Town's voice-and-visual-control standard applies inside town limits; check posted rules at trailheads.","source_url":"https://www.truckeepolice.gov/faq/is-there-a-leash-law-in-truckee-2/","venue":null,"acres":null,"miles":0.6,"approx":false,"osm":null},"geometry":{"type":"MultiLineString","coordinates":[[[-120.17342,39.34525],[-120.1739,39.34458],[-120.17555,39.34314],[-120.17577,39.3428],[-120.17606,39.34276]],[[-120.17577,39.3428],[-120.17459,39.3428]],[[-120.17474,39.34275],[-120.17488,39.34211],[-120.17476,39.34165],[-120.17442,39.34128],[-120.17338,39.34057]],[[-120.17629,39.3428],[-120.17928,39.34277]],[[-120.17606,39.34276],[-120.17629,39.3428]]]}},{"type":"Feature","properties":{"id":"trail-named-path-Gentle Jeffery Trail","name":"Gentle Jeffery Trail","kind":"trail","policy":"restricted","note":"Tahoe National Forest and town open space around Truckee — the Town's voice-and-visual-control standard applies inside town limits; check posted rules at trailheads.","source_url":"https://www.truckeepolice.gov/faq/is-there-a-leash-law-in-truckee-2/","venue":null,"acres":null,"miles":1.1,"approx":false,"osm":null},"geometry":{"type":"MultiLineString","coordinates":[[[-120.19498,39.30989],[-120.19592,39.30928],[-120.19635,39.30858],[-120.19682,39.3082],[-120.19697,39.30703],[-120.19678,39.30659],[-120.19704,39.30622],[-120.19729,39.30535],[-120.19743,39.30373],[-120.19759,39.30343],[-120.1975,39.30293],[-120.1986,39.30104],[-120.19874,39.30044],[-120.19839,39.29911],[-120.19835,39.29737],[-120.19815,39.29704],[-120.19814,39.29665],[-120.19732,39.29562],[-120.19706,39.2956]]]}},{"type":"Feature","properties":{"id":"trail-named-path-Giddy Up","name":"Giddy Up","kind":"trail","policy":"restricted","note":"Tahoe National Forest and town open space around Truckee — the Town's voice-and-visual-control standard applies inside town limits; check posted rules at trailheads.","source_url":"https://www.truckeepolice.gov/faq/is-there-a-leash-law-in-truckee-2/","venue":null,"acres":null,"miles":0.6,"approx":false,"osm":null},"geometry":{"type":"MultiLineString","coordinates":[[[-120.27399,39.36917],[-120.27358,39.36948],[-120.2737,39.36989],[-120.27315,39.36993],[-120.27315,39.36964],[-120.27291,39.36948],[-120.27221,39.36956],[-120.27263,39.36969],[-120.2727,39.37028],[-120.2729,39.37062],[-120.27319,39.37093],[-120.27345,39.37099],[-120.27325,39.37105],[-120.27296,39.37094],[-120.27233,39.37032],[-120.27252,39.37096],[-120.27316,39.37173],[-120.27334,39.37216],[-120.27243,39.37183],[-120.27209,39.37183]]]}},{"type":"Feature","properties":{"id":"trail-named-path-Glenshire Pond","name":"Glenshire Pond","kind":"trail","policy":"restricted","note":"Tahoe National Forest and town open space around Truckee — the Town's voice-and-visual-control standard applies inside town limits; check posted rules at trailheads.","source_url":"https://www.truckeepolice.gov/faq/is-there-a-leash-law-in-truckee-2/","venue":null,"acres":null,"miles":0.9,"approx":false,"osm":null},"geometry":{"type":"MultiLineString","coordinates":[[[-120.10087,39.35348],[-120.1014,39.3534],[-120.10237,39.35348],[-120.1028,39.35437],[-120.10344,39.35428],[-120.10393,39.35373]],[[-120.10393,39.35373],[-120.10413,39.35336],[-120.10409,39.35307],[-120.10315,39.35253],[-120.10295,39.35225],[-120.10213,39.35195],[-120.10133,39.3519],[-120.10053,39.35218],[-120.09877,39.35253]],[[-120.10413,39.35332],[-120.10445,39.35341],[-120.10509,39.35416]],[[-120.10509,39.35416],[-120.1053,39.3548],[-120.10598,39.35554]],[[-120.10047,39.3535],[-120.10087,39.35348]],[[-120.10026,39.35357],[-120.10047,39.3535]],[[-120.09941,39.35343],[-120.10026,39.35357]],[[-120.09911,39.3531],[-120.09941,39.35343]],[[-120.09897,39.35282],[-120.09911,39.3531]],[[-120.09856,39.35242],[-120.09897,39.35282]]]}},{"type":"Feature","properties":{"id":"trail-named-path-Green Team Bridge","name":"Green Team Bridge","kind":"trail","policy":"restricted","note":"Tahoe National Forest and town open space around Truckee — the Town's voice-and-visual-control standard applies inside town limits; check posted rules at trailheads.","source_url":"https://www.truckeepolice.gov/faq/is-there-a-leash-law-in-truckee-2/","venue":null,"acres":null,"miles":0.0,"approx":false,"osm":null},"geometry":{"type":"MultiLineString","coordinates":[[[-120.11834,39.29997],[-120.1184,39.29995]]]}},{"type":"Feature","properties":{"id":"trail-named-path-Gumba Bear's Crossing","name":"Gumba Bear's Crossing","kind":"trail","policy":"restricted","note":"Tahoe National Forest and town open space around Truckee — the Town's voice-and-visual-control standard applies inside town limits; check posted rules at trailheads.","source_url":"https://www.truckeepolice.gov/faq/is-there-a-leash-law-in-truckee-2/","venue":null,"acres":null,"miles":0.0,"approx":false,"osm":null},"geometry":{"type":"MultiLineString","coordinates":[[[-120.11617,39.30186],[-120.11622,39.30181]]]}},{"type":"Feature","properties":{"id":"trail-named-path-Gypsy","name":"Gypsy","kind":"trail","policy":"restricted","note":"Tahoe National Forest and town open space around Truckee — the Town's voice-and-visual-control standard applies inside town limits; check posted rules at trailheads.","source_url":"https://www.truckeepolice.gov/faq/is-there-a-leash-law-in-truckee-2/","venue":null,"acres":null,"miles":1.6,"approx":false,"osm":null},"geometry":{"type":"MultiLineString","coordinates":[[[-120.13173,39.25951],[-120.13132,39.25986],[-120.13068,39.2598]],[[-120.13018,39.25973],[-120.12973,39.26011],[-120.12974,39.25988],[-120.12964,39.25992]],[[-120.13777,39.2573],[-120.13761,39.25715],[-120.13739,39.25715],[-120.13687,39.25772],[-120.13691,39.2581],[-120.13712,39.25839],[-120.137,39.2585],[-120.13632,39.25818],[-120.13614,39.25837],[-120.1353,39.2583],[-120.13556,39.25857],[-120.13547,39.25862],[-120.13477,39.25844],[-120.13598,39.25939],[-120.13597,39.25992],[-120.13576,39.26026],[-120.13547,39.26014],[-120.13508,39.26041],[-120.13464,39.26003],[-120.13371,39.25963],[-120.13202,39.25935],[-120.13189,39.25949],[-120.13116,39.25949],[-120.1309,39.25959],[-120.13049,39.26013],[-120.13029,39.25977],[-120.13002,39.2596],[-120.12978,39.25966],[-120.12951,39.26017],[-120.12963,39.26064],[-120.12918,39.26025],[-120.12926,39.26068],[-120.12904,39.26063],[-120.12843,39.26231],[-120.12834,39.26237],[-120.12813,39.26212],[-120.12795,39.26212],[-120.12805,39.26257],[-120.12781,39.26261],[-120.12786,39.263],[-120.12753,39.26343]],[[-120.13782,39.25742],[-120.13777,39.2573]],[[-120.1396,39.25702],[-120.13934,39.25704],[-120.13922,39.25719],[-120.1393,39.25776],[-120.13907,39.25803],[-120.13803,39.25762],[-120.13782,39.25742]]]}},{"type":"Feature","properties":{"id":"trail-named-path-Hawk's Peak","name":"Hawk's Peak","kind":"trail","policy":"restricted","note":"Tahoe National Forest and town open space around Truckee — the Town's voice-and-visual-control standard applies inside town limits; check posted rules at trailheads.","source_url":"https://www.truckeepolice.gov/faq/is-there-a-leash-law-in-truckee-2/","venue":null,"acres":null,"miles":1.6,"approx":false,"osm":null},"geometry":{"type":"MultiLineString","coordinates":[[[-120.27614,39.35914],[-120.2761,39.35953],[-120.27634,39.35959],[-120.27642,39.35895],[-120.27629,39.35867],[-120.27644,39.3585],[-120.27632,39.35833],[-120.27667,39.35833],[-120.27619,39.35792],[-120.27606,39.3576],[-120.2763,39.35748],[-120.27698,39.35744]],[[-120.27226,39.35549],[-120.27258,39.35517],[-120.27209,39.35528],[-120.27107,39.35615],[-120.27176,39.35477],[-120.27245,39.35396],[-120.27151,39.35415],[-120.2723,39.35355],[-120.27151,39.35362],[-120.27125,39.35379],[-120.27123,39.35371],[-120.27291,39.35268],[-120.27137,39.35268]],[[-120.27606,39.35762],[-120.27507,39.3577],[-120.27398,39.3587],[-120.27392,39.35821],[-120.27438,39.35754],[-120.2737,39.35772],[-120.27354,39.35738],[-120.27307,39.35801],[-120.27233,39.35855],[-120.27202,39.35754],[-120.2719,39.35653],[-120.27226,39.35549]]]}},{"type":"Feature","properties":{"id":"trail-named-path-JP's Trail","name":"JP's Trail","kind":"trail","policy":"restricted","note":"Tahoe National Forest and town open space around Truckee — the Town's voice-and-visual-control standard applies inside town limits; check posted rules at trailheads.","source_url":"https://www.truckeepolice.gov/faq/is-there-a-leash-law-in-truckee-2/","venue":null,"acres":null,"miles":1.3,"approx":false,"osm":null},"geometry":{"type":"MultiLineString","coordinates":[[[-120.2416,39.31459],[-120.24133,39.31478],[-120.24128,39.31466],[-120.24182,39.31416],[-120.24098,39.31451],[-120.24101,39.31436],[-120.23994,39.31472],[-120.24,39.31454],[-120.24088,39.314],[-120.23899,39.3145],[-120.23913,39.31433],[-120.24013,39.31388],[-120.23832,39.31414],[-120.24027,39.31337],[-120.24103,39.31293],[-120.24021,39.31319],[-120.23906,39.31336],[-120.23841,39.31335],[-120.23759,39.3131],[-120.23709,39.3132],[-120.23495,39.31319],[-120.23434,39.3133],[-120.23303,39.3138],[-120.23209,39.31468],[-120.23183,39.31532],[-120.2316,39.31532]]]}},{"type":"Feature","properties":{"id":"trail-named-path-Jellystone","name":"Jellystone","kind":"trail","policy":"restricted","note":"Tahoe National Forest and town open space around Truckee — the Town's voice-and-visual-control standard applies inside town limits; check posted rules at trailheads.","source_url":"https://www.truckeepolice.gov/faq/is-there-a-leash-law-in-truckee-2/","venue":null,"acres":null,"miles":1.3,"approx":false,"osm":null},"geometry":{"type":"MultiLineString","coordinates":[[[-120.23697,39.295],[-120.23662,39.295],[-120.23628,39.29536],[-120.23475,39.29611],[-120.23486,39.29648],[-120.23418,39.29694],[-120.23356,39.29786],[-120.23293,39.29841],[-120.23283,39.29884],[-120.23324,39.29841],[-120.23348,39.29881],[-120.2337,39.29884],[-120.23422,39.29816],[-120.2354,39.29731],[-120.23639,39.29701],[-120.23754,39.29693],[-120.23836,39.29653],[-120.23917,39.2965],[-120.23993,39.29599]],[[-120.24074,39.29547],[-120.241,39.29537],[-120.24186,39.29458],[-120.24373,39.29372],[-120.24559,39.29348],[-120.24591,39.2933],[-120.24562,39.2937],[-120.24585,39.29363],[-120.24586,39.29372],[-120.24533,39.29445]]]}},{"type":"Feature","properties":{"id":"trail-named-path-Jim's Loch Bridge","name":"Jim's Loch Bridge","kind":"trail","policy":"restricted","note":"Tahoe National Forest and town open space around Truckee — the Town's voice-and-visual-control standard applies inside town limits; check posted rules at trailheads.","source_url":"https://www.truckeepolice.gov/faq/is-there-a-leash-law-in-truckee-2/","venue":null,"acres":null,"miles":0.0,"approx":false,"osm":null},"geometry":{"type":"MultiLineString","coordinates":[[[-120.11997,39.29916],[-120.12003,39.29915]]]}},{"type":"Feature","properties":{"id":"trail-named-path-Jolly-Pop","name":"Jolly-Pop","kind":"trail","policy":"restricted","note":"Tahoe National Forest and town open space around Truckee — the Town's voice-and-visual-control standard applies inside town limits; check posted rules at trailheads.","source_url":"https://www.truckeepolice.gov/faq/is-there-a-leash-law-in-truckee-2/","venue":null,"acres":null,"miles":0.3,"approx":false,"osm":null},"geometry":{"type":"MultiLineString","coordinates":[[[-120.22956,39.31019],[-120.23043,39.31046],[-120.23072,39.3107],[-120.23056,39.31115],[-120.2304,39.31092],[-120.23009,39.31107],[-120.2305,39.31131],[-120.23045,39.31138],[-120.22986,39.31131],[-120.22948,39.31112],[-120.2293,39.31054],[-120.22956,39.31019]]]}},{"type":"Feature","properties":{"id":"trail-named-path-Karpiel","name":"Karpiel","kind":"trail","policy":"restricted","note":"Tahoe National Forest and town open space around Truckee — the Town's voice-and-visual-control standard applies inside town limits; check posted rules at trailheads.","source_url":"https://www.truckeepolice.gov/faq/is-there-a-leash-law-in-truckee-2/","venue":null,"acres":null,"miles":0.1,"approx":false,"osm":null},"geometry":{"type":"MultiLineString","coordinates":[[[-120.12501,39.25979],[-120.12462,39.26015],[-120.12458,39.26035],[-120.12517,39.26088]]]}},{"type":"Feature","properties":{"id":"trail-named-path-Katy's Walk","name":"Katy's Walk","kind":"trail","policy":"restricted","note":"Tahoe National Forest and town open space around Truckee — the Town's voice-and-visual-control standard applies inside town limits; check posted rules at trailheads.","source_url":"https://www.truckeepolice.gov/faq/is-there-a-leash-law-in-truckee-2/","venue":null,"acres":null,"miles":0.4,"approx":false,"osm":null},"geometry":{"type":"MultiLineString","coordinates":[[[-120.0861,39.324],[-120.08628,39.32439],[-120.08655,39.32455],[-120.08802,39.32466],[-120.09017,39.32509],[-120.0925,39.32519]]]}},{"type":"Feature","properties":{"id":"trail-named-path-Liftline","name":"Liftline","kind":"trail","policy":"restricted","note":"Tahoe National Forest and town open space around Truckee — the Town's voice-and-visual-control standard applies inside town limits; check posted rules at trailheads.","source_url":"https://www.truckeepolice.gov/faq/is-there-a-leash-law-in-truckee-2/","venue":null,"acres":null,"miles":0.4,"approx":false,"osm":null},"geometry":{"type":"MultiLineString","coordinates":[[[-120.12145,39.26665],[-120.12101,39.26699],[-120.12065,39.26704],[-120.11987,39.26781],[-120.11986,39.26806],[-120.11951,39.26817],[-120.11964,39.26863],[-120.11882,39.2693],[-120.11853,39.27033],[-120.11835,39.27054],[-120.11851,39.27069],[-120.11834,39.27141],[-120.11864,39.27175]]]}},{"type":"Feature","properties":{"id":"trail-named-path-Livewire","name":"Livewire","kind":"trail","policy":"restricted","note":"Tahoe National Forest and town open space around Truckee — the Town's voice-and-visual-control standard applies inside town limits; check posted rules at trailheads.","source_url":"https://www.truckeepolice.gov/faq/is-there-a-leash-law-in-truckee-2/","venue":null,"acres":null,"miles":1.9,"approx":false,"osm":null},"geometry":{"type":"MultiLineString","coordinates":[[[-120.13941,39.25445],[-120.13878,39.25489],[-120.13835,39.25635],[-120.13851,39.25728],[-120.13812,39.25722],[-120.13772,39.25739],[-120.13736,39.25793],[-120.13811,39.25891],[-120.13895,39.25944],[-120.13911,39.25997],[-120.13904,39.26082],[-120.13892,39.26084],[-120.13811,39.25998],[-120.13791,39.26],[-120.13806,39.26026],[-120.13748,39.26027],[-120.13756,39.26064],[-120.13713,39.26092],[-120.13664,39.26232],[-120.13654,39.26238],[-120.13633,39.26221],[-120.13622,39.26229],[-120.13613,39.26314],[-120.13544,39.26382],[-120.1352,39.26376],[-120.13526,39.26293],[-120.1351,39.2628],[-120.13466,39.26336],[-120.13422,39.26348],[-120.13367,39.26399],[-120.13351,39.2639],[-120.13336,39.26412],[-120.13313,39.26285],[-120.13262,39.26244],[-120.1328,39.26295],[-120.13227,39.26272],[-120.13229,39.263],[-120.13195,39.26289],[-120.13193,39.26317],[-120.1314,39.26387],[-120.13119,39.26379],[-120.13084,39.26449],[-120.13076,39.26401],[-120.13059,39.26382],[-120.13036,39.26384],[-120.13005,39.26432],[-120.12963,39.26389],[-120.12912,39.26354],[-120.12875,39.26344],[-120.12807,39.26287],[-120.12797,39.26294],[-120.12808,39.26323],[-120.1277,39.26322],[-120.12753,39.26343]]]}},{"type":"Feature","properties":{"id":"trail-named-path-Lloyd's (Moto)","name":"Lloyd's (Moto)","kind":"trail","policy":"restricted","note":"Tahoe National Forest and town open space around Truckee — the Town's voice-and-visual-control standard applies inside town limits; check posted rules at trailheads.","source_url":"https://www.truckeepolice.gov/faq/is-there-a-leash-law-in-truckee-2/","venue":null,"acres":null,"miles":0.0,"approx":false,"osm":null},"geometry":{"type":"MultiLineString","coordinates":[[[-120.13333,39.37892],[-120.13351,39.37922]]]}},{"type":"Feature","properties":{"id":"trail-named-path-Lor Axe","name":"Lor Axe","kind":"trail","policy":"restricted","note":"Tahoe National Forest and town open space around Truckee — the Town's voice-and-visual-control standard applies inside town limits; check posted rules at trailheads.","source_url":"https://www.truckeepolice.gov/faq/is-there-a-leash-law-in-truckee-2/","venue":null,"acres":null,"miles":1.7,"approx":false,"osm":null},"geometry":{"type":"MultiLineString","coordinates":[[[-120.1971,39.26288],[-120.19687,39.26343],[-120.1966,39.26362],[-120.19621,39.26366],[-120.19519,39.26417],[-120.19379,39.26445],[-120.19355,39.26475],[-120.193,39.265],[-120.19295,39.26487],[-120.19122,39.26537],[-120.19051,39.26535],[-120.18986,39.26517],[-120.18927,39.2652],[-120.18747,39.2642],[-120.18654,39.26393],[-120.18657,39.26412],[-120.18614,39.26399],[-120.18581,39.26416],[-120.18415,39.26374],[-120.18322,39.26432],[-120.18219,39.26457],[-120.18188,39.26452],[-120.18149,39.26425],[-120.18033,39.26416],[-120.17958,39.26436],[-120.17927,39.26503],[-120.17892,39.26543],[-120.17804,39.26587],[-120.17776,39.26617],[-120.17772,39.26656],[-120.17745,39.26668],[-120.17655,39.26688],[-120.17542,39.26669],[-120.17509,39.26657],[-120.1748,39.26622],[-120.17449,39.26631],[-120.17404,39.26669],[-120.17401,39.26687],[-120.1736,39.2666],[-120.17381,39.26723],[-120.17477,39.26773]]]}},{"type":"Feature","properties":{"id":"trail-named-path-Lower Roscoe's","name":"Lower Roscoe's","kind":"trail","policy":"restricted","note":"Tahoe National Forest and town open space around Truckee — the Town's voice-and-visual-control standard applies inside town limits; check posted rules at trailheads.","source_url":"https://www.truckeepolice.gov/faq/is-there-a-leash-law-in-truckee-2/","venue":null,"acres":null,"miles":0.3,"approx":false,"osm":null},"geometry":{"type":"MultiLineString","coordinates":[[[-120.08309,39.34554],[-120.0841,39.34565],[-120.0851,39.34547],[-120.08635,39.34585],[-120.08675,39.34574],[-120.08713,39.34542],[-120.0881,39.34539],[-120.08847,39.34523]]]}},{"type":"Feature","properties":{"id":"trail-named-path-Lower Yogi Bear","name":"Lower Yogi Bear","kind":"trail","policy":"restricted","note":"Tahoe National Forest and town open space around Truckee — the Town's voice-and-visual-control standard applies inside town limits; check posted rules at trailheads.","source_url":"https://www.truckeepolice.gov/faq/is-there-a-leash-law-in-truckee-2/","venue":null,"acres":null,"miles":0.9,"approx":false,"osm":null},"geometry":{"type":"MultiLineString","coordinates":[[[-120.24533,39.29445],[-120.24595,39.295],[-120.24576,39.29601],[-120.24526,39.29673],[-120.24394,39.29702],[-120.24412,39.29727],[-120.24515,39.29732],[-120.24518,39.29741],[-120.24427,39.29822],[-120.24403,39.29831],[-120.2436,39.29823],[-120.24307,39.29866],[-120.24305,39.29878],[-120.24322,39.29885],[-120.24304,39.29923],[-120.24193,39.30014],[-120.24243,39.30031],[-120.24204,39.30056],[-120.24226,39.30082],[-120.24243,39.30084],[-120.24237,39.30096],[-120.24272,39.30107],[-120.2428,39.30121],[-120.24336,39.30124],[-120.24333,39.3014],[-120.24296,39.30164],[-120.24317,39.30161],[-120.24311,39.30184],[-120.2433,39.30175],[-120.2432,39.30213],[-120.24389,39.30186],[-120.24384,39.30213]]]}},{"type":"Feature","properties":{"id":"trail-named-path-Martis Creek Trail","name":"Martis Creek Trail","kind":"trail","policy":"restricted","note":"Tahoe National Forest and town open space around Truckee — the Town's voice-and-visual-control standard applies inside town limits; check posted rules at trailheads.","source_url":"https://www.truckeepolice.gov/faq/is-there-a-leash-law-in-truckee-2/","venue":null,"acres":null,"miles":0.0,"approx":false,"osm":null},"geometry":{"type":"MultiLineString","coordinates":[[[-120.13119,39.30094],[-120.13115,39.30099]]]}},{"type":"Feature","properties":{"id":"trail-named-path-Martis Valley Trail","name":"Martis Valley Trail","kind":"trail","policy":"restricted","note":"Tahoe National Forest and town open space around Truckee — the Town's voice-and-visual-control standard applies inside town limits; check posted rules at trailheads.","source_url":"https://www.truckeepolice.gov/faq/is-there-a-leash-law-in-truckee-2/","venue":null,"acres":null,"miles":4.6,"approx":false,"osm":null},"geometry":{"type":"MultiLineString","coordinates":[[[-120.14853,39.31443],[-120.14816,39.31422],[-120.14812,39.31367],[-120.14796,39.31349],[-120.14705,39.3131],[-120.14602,39.31323],[-120.14464,39.31224],[-120.14442,39.31197],[-120.14431,39.31132],[-120.14397,39.31103],[-120.14286,39.31082],[-120.14254,39.31042],[-120.14199,39.31011],[-120.14157,39.30969],[-120.14078,39.30928],[-120.13895,39.30877]],[[-120.13874,39.30874],[-120.1384,39.30851],[-120.13807,39.30748],[-120.13751,39.30655],[-120.13723,39.30548],[-120.13637,39.30467],[-120.13573,39.30354],[-120.13348,39.30243],[-120.13211,39.30242],[-120.13145,39.30229],[-120.13081,39.30173],[-120.13019,39.30146],[-120.12947,39.30145],[-120.12883,39.30122],[-120.12846,39.30122],[-120.12638,39.30189],[-120.12323,39.30189],[-120.12161,39.30215],[-120.12119,39.30238],[-120.11964,39.30218],[-120.11637,39.30216],[-120.11227,39.30188],[-120.1117,39.30162],[-120.11168,39.30145],[-120.11222,39.30045],[-120.11219,39.29971],[-120.11166,39.30046],[-120.11125,39.30074],[-120.11047,39.30069],[-120.10931,39.30019],[-120.10935,39.30006],[-120.10976,39.30015],[-120.10978,39.30003],[-120.10774,39.29889],[-120.10629,39.2977],[-120.10575,39.29671],[-120.10575,39.29642],[-120.10586,39.29641],[-120.10601,39.29665],[-120.1061,39.29648],[-120.10549,39.2952],[-120.10515,39.29362],[-120.10458,39.29248],[-120.10428,39.29126],[-120.10414,39.28989],[-120.10436,39.2897],[-120.1044,39.29011],[-120.1046,39.29013],[-120.10487,39.28839],[-120.1056,39.28741],[-120.10669,39.28687],[-120.10659,39.28667]],[[-120.13895,39.30877],[-120.13874,39.30874]],[[-120.15634,39.31815],[-120.15618,39.31817],[-120.15525,39.31771],[-120.15316,39.31637],[-120.15304,39.31521],[-120.15248,39.31494],[-120.15199,39.31452],[-120.15143,39.31443],[-120.15051,39.31476],[-120.14976,39.31451],[-120.14885,39.31457]]]}},{"type":"Feature","properties":{"id":"trail-named-path-Matt's Trail","name":"Matt's Trail","kind":"trail","policy":"restricted","note":"Tahoe National Forest and town open space around Truckee — the Town's voice-and-visual-control standard applies inside town limits; check posted rules at trailheads.","source_url":"https://www.truckeepolice.gov/faq/is-there-a-leash-law-in-truckee-2/","venue":null,"acres":null,"miles":1.3,"approx":false,"osm":null},"geometry":{"type":"MultiLineString","coordinates":[[[-120.11057,39.32615],[-120.11023,39.3261],[-120.11034,39.32547],[-120.10898,39.32642],[-120.10802,39.32679],[-120.10737,39.32689],[-120.10598,39.32625],[-120.10425,39.32607],[-120.10306,39.32581],[-120.10222,39.32547],[-120.0998,39.32428],[-120.09932,39.32376],[-120.09877,39.32344],[-120.09737,39.32324],[-120.09652,39.32297],[-120.09515,39.32292],[-120.09437,39.32276],[-120.0939,39.3224]],[[-120.1138,39.32824],[-120.11229,39.32698],[-120.11202,39.32604],[-120.11122,39.32598],[-120.11057,39.32615]]]}},{"type":"Feature","properties":{"id":"trail-named-path-Meander","name":"Meander","kind":"trail","policy":"restricted","note":"Tahoe National Forest and town open space around Truckee — the Town's voice-and-visual-control standard applies inside town limits; check posted rules at trailheads.","source_url":"https://www.truckeepolice.gov/faq/is-there-a-leash-law-in-truckee-2/","venue":null,"acres":null,"miles":0.4,"approx":false,"osm":null},"geometry":{"type":"MultiLineString","coordinates":[[[-120.12155,39.26658],[-120.12104,39.26662],[-120.12081,39.2669],[-120.11996,39.26744],[-120.11883,39.26789],[-120.11821,39.26844],[-120.11804,39.26868],[-120.11809,39.26905],[-120.119,39.26864],[-120.11863,39.26929],[-120.11943,39.2693]]]}},{"type":"Feature","properties":{"id":"trail-named-path-Mineshaft","name":"Mineshaft","kind":"trail","policy":"restricted","note":"Tahoe National Forest and town open space around Truckee — the Town's voice-and-visual-control standard applies inside town limits; check posted rules at trailheads.","source_url":"https://www.truckeepolice.gov/faq/is-there-a-leash-law-in-truckee-2/","venue":null,"acres":null,"miles":0.7,"approx":false,"osm":null},"geometry":{"type":"MultiLineString","coordinates":[[[-120.12476,39.26462],[-120.12438,39.26476]],[[-120.12494,39.26446],[-120.12476,39.26462]],[[-120.12538,39.26384],[-120.12494,39.26446]],[[-120.12418,39.26492],[-120.12333,39.26555],[-120.1224,39.2659],[-120.12184,39.26592],[-120.12192,39.26617],[-120.12145,39.26665],[-120.12139,39.26713],[-120.12093,39.26736],[-120.12073,39.26769],[-120.11987,39.26839],[-120.12006,39.26882],[-120.11943,39.26924],[-120.11975,39.26965],[-120.11966,39.27013],[-120.11931,39.27036],[-120.11909,39.27085],[-120.11918,39.27112],[-120.11871,39.2715],[-120.11864,39.27175]]]}},{"type":"Feature","properties":{"id":"trail-named-path-Natasha Road","name":"Natasha Road","kind":"trail","policy":"restricted","note":"Tahoe National Forest and town open space around Truckee — the Town's voice-and-visual-control standard applies inside town limits; check posted rules at trailheads.","source_url":"https://www.truckeepolice.gov/faq/is-there-a-leash-law-in-truckee-2/","venue":null,"acres":null,"miles":0.1,"approx":false,"osm":null},"geometry":{"type":"MultiLineString","coordinates":[[[-120.21308,39.27505],[-120.21284,39.27514],[-120.21228,39.27484],[-120.21167,39.27482],[-120.21137,39.27451]]]}},{"type":"Feature","properties":{"id":"trail-named-path-Nature Trail Loop","name":"Nature Trail Loop","kind":"trail","policy":"restricted","note":"Tahoe National Forest and town open space around Truckee — the Town's voice-and-visual-control standard applies inside town limits; check posted rules at trailheads.","source_url":"https://www.truckeepolice.gov/faq/is-there-a-leash-law-in-truckee-2/","venue":null,"acres":null,"miles":0.8,"approx":false,"osm":null},"geometry":{"type":"MultiLineString","coordinates":[[[-120.21675,39.34353],[-120.21708,39.34316],[-120.21769,39.3428],[-120.21801,39.34282],[-120.21839,39.34265],[-120.21902,39.3428],[-120.21942,39.34242],[-120.22006,39.34224],[-120.22079,39.34214],[-120.22121,39.34242],[-120.22164,39.34194],[-120.22234,39.34177],[-120.22319,39.34176],[-120.22375,39.34201],[-120.22441,39.3418],[-120.22471,39.34194],[-120.22515,39.34192],[-120.22553,39.34239],[-120.2263,39.34271],[-120.2266,39.34358],[-120.22724,39.34442],[-120.22716,39.34474],[-120.22737,39.3449]]]}},{"type":"Feature","properties":{"id":"trail-named-path-Northstar Service Road 705","name":"Northstar Service Road 705","kind":"trail","policy":"restricted","note":"Tahoe National Forest and town open space around Truckee — the Town's voice-and-visual-control standard applies inside town limits; check posted rules at trailheads.","source_url":"https://www.truckeepolice.gov/faq/is-there-a-leash-law-in-truckee-2/","venue":null,"acres":null,"miles":0.1,"approx":false,"osm":null},"geometry":{"type":"MultiLineString","coordinates":[[[-120.16065,39.25172],[-120.16021,39.25158],[-120.15957,39.2517]]]}},{"type":"Feature","properties":{"id":"trail-named-path-Old Greenwood Trail Connector","name":"Old Greenwood Trail Connector","kind":"trail","policy":"restricted","note":"Tahoe National Forest and town open space around Truckee — the Town's voice-and-visual-control standard applies inside town limits; check posted rules at trailheads.","source_url":"https://www.truckeepolice.gov/faq/is-there-a-leash-law-in-truckee-2/","venue":null,"acres":null,"miles":0.2,"approx":false,"osm":null},"geometry":{"type":"MultiLineString","coordinates":[[[-120.15868,39.34547],[-120.15817,39.34462],[-120.15681,39.34369]],[[-120.15895,39.34563],[-120.15868,39.34547]]]}},{"type":"Feature","properties":{"id":"trail-named-path-Old Stanford Woodcamp Road","name":"Old Stanford Woodcamp Road","kind":"trail","policy":"restricted","note":"Tahoe National Forest and town open space around Truckee — the Town's voice-and-visual-control standard applies inside town limits; check posted rules at trailheads.","source_url":"https://www.truckeepolice.gov/faq/is-there-a-leash-law-in-truckee-2/","venue":null,"acres":null,"miles":0.3,"approx":false,"osm":null},"geometry":{"type":"MultiLineString","coordinates":[[[-120.21483,39.27581],[-120.21389,39.27568],[-120.21288,39.27487],[-120.21302,39.27354],[-120.21278,39.27311]]]}},{"type":"Feature","properties":{"id":"trail-named-path-Overland Trail Connector","name":"Overland Trail Connector","kind":"trail","policy":"restricted","note":"Tahoe National Forest and town open space around Truckee — the Town's voice-and-visual-control standard applies inside town limits; check posted rules at trailheads.","source_url":"https://www.truckeepolice.gov/faq/is-there-a-leash-law-in-truckee-2/","venue":null,"acres":null,"miles":1.2,"approx":false,"osm":null},"geometry":{"type":"MultiLineString","coordinates":[[[-120.15858,39.35057],[-120.15826,39.35014],[-120.15794,39.34998],[-120.15758,39.34991],[-120.15704,39.35001],[-120.15052,39.35513],[-120.14785,39.35583],[-120.14698,39.35567]],[[-120.15858,39.35057],[-120.15819,39.35422],[-120.15833,39.35481],[-120.15825,39.35507]],[[-120.15825,39.35507],[-120.15845,39.35531],[-120.15985,39.35598]]]}},{"type":"Feature","properties":{"id":"trail-named-path-Overland Trail Connector Bypass","name":"Overland Trail Connector Bypass","kind":"trail","policy":"restricted","note":"Tahoe National Forest and town open space around Truckee — the Town's voice-and-visual-control standard applies inside town limits; check posted rules at trailheads.","source_url":"https://www.truckeepolice.gov/faq/is-there-a-leash-law-in-truckee-2/","venue":null,"acres":null,"miles":0.6,"approx":false,"osm":null},"geometry":{"type":"MultiLineString","coordinates":[[[-120.15597,39.35076],[-120.15536,39.35094],[-120.15476,39.35151],[-120.15388,39.35177],[-120.15325,39.35237],[-120.153,39.35284],[-120.15186,39.35327],[-120.15096,39.35407],[-120.15044,39.35427],[-120.14996,39.35412],[-120.14949,39.35451],[-120.14887,39.35454],[-120.1484,39.35522],[-120.14807,39.35525],[-120.14765,39.35553],[-120.14728,39.35549]]]}},{"type":"Feature","properties":{"id":"trail-named-path-Perimeter Trail","name":"Perimeter Trail","kind":"trail","policy":"restricted","note":"Tahoe National Forest and town open space around Truckee — the Town's voice-and-visual-control standard applies inside town limits; check posted rules at trailheads.","source_url":"https://www.truckeepolice.gov/faq/is-there-a-leash-law-in-truckee-2/","venue":null,"acres":null,"miles":5.4,"approx":false,"osm":null},"geometry":{"type":"MultiLineString","coordinates":[[[-120.17607,39.27148],[-120.17569,39.27166],[-120.17542,39.27148],[-120.1752,39.27183],[-120.17463,39.27152],[-120.17446,39.2717],[-120.17366,39.27149]],[[-120.17647,39.27156],[-120.17607,39.27148]],[[-120.17366,39.27149],[-120.17284,39.2717],[-120.17224,39.27155],[-120.17228,39.27189],[-120.17157,39.27157],[-120.17128,39.27187],[-120.17106,39.27156],[-120.17075,39.27168],[-120.17054,39.27158],[-120.17036,39.27176],[-120.16987,39.2716],[-120.16973,39.27172],[-120.16935,39.27161],[-120.16805,39.27162],[-120.16644,39.27175],[-120.16418,39.27159],[-120.16391,39.27162],[-120.16376,39.27196],[-120.16356,39.27173],[-120.16302,39.27179],[-120.16161,39.27165],[-120.16119,39.27184],[-120.16108,39.27167],[-120.16049,39.27264],[-120.15996,39.27404],[-120.15957,39.27435],[-120.15963,39.27365],[-120.15933,39.27251],[-120.15918,39.27239],[-120.15857,39.27309],[-120.1573,39.27297],[-120.15594,39.27368],[-120.15635,39.27275],[-120.15673,39.27234],[-120.15528,39.27298],[-120.15183,39.2724],[-120.15102,39.27235],[-120.14795,39.27164],[-120.14873,39.27229],[-120.14816,39.27208],[-120.14689,39.27196],[-120.14613,39.27242],[-120.14424,39.27284],[-120.14507,39.27196],[-120.14246,39.2731],[-120.14236,39.27295],[-120.14274,39.2722],[-120.14196,39.27259],[-120.1412,39.27265],[-120.1416,39.27246],[-120.14212,39.27169],[-120.14133,39.27204],[-120.13996,39.27189],[-120.13801,39.27215]],[[-120.17948,39.30064],[-120.17946,39.29972],[-120.17923,39.29942],[-120.17946,39.29941],[-120.17918,39.29912],[-120.17947,39.29912],[-120.17922,39.29884],[-120.17946,39.29875],[-120.17946,39.29703],[-120.17938,39.29661],[-120.17893,39.29634],[-120.17877,39.296],[-120.17931,39.29538],[-120.1795,39.29423],[-120.17939,39.29394],[-120.17952,39.29354],[-120.17957,39.29139],[-120.17934,39.28938],[-120.17958,39.28894],[-120.17944,39.28855],[-120.17959,39.28846],[-120.17965,39.28788],[-120.17948,39.28507],[-120.17964,39.28468],[-120.17972,39.27153]],[[-120.17742,39.27157],[-120.17647,39.27156]],[[-120.17972,39.27153],[-120.17742,39.27157]]]}},{"type":"Feature","properties":{"id":"trail-named-path-Pho Dogg","name":"Pho Dogg","kind":"trail","policy":"restricted","note":"Tahoe National Forest and town open space around Truckee — the Town's voice-and-visual-control standard applies inside town limits; check posted rules at trailheads.","source_url":"https://www.truckeepolice.gov/faq/is-there-a-leash-law-in-truckee-2/","venue":null,"acres":null,"miles":0.2,"approx":false,"osm":null},"geometry":{"type":"MultiLineString","coordinates":[[[-120.12507,39.26123],[-120.12529,39.26136],[-120.12505,39.26156],[-120.12526,39.2617],[-120.1251,39.26183],[-120.12523,39.26207],[-120.12517,39.26258],[-120.1255,39.26333],[-120.12587,39.26344]]]}},{"type":"Feature","properties":{"id":"trail-named-path-Pioneer Trail","name":"Pioneer Trail","kind":"trail","policy":"restricted","note":"Tahoe National Forest and town open space around Truckee — the Town's voice-and-visual-control standard applies inside town limits; check posted rules at trailheads.","source_url":"https://www.truckeepolice.gov/faq/is-there-a-leash-law-in-truckee-2/","venue":null,"acres":null,"miles":0.6,"approx":false,"osm":null},"geometry":{"type":"MultiLineString","coordinates":[[[-120.1824,39.33592],[-120.183,39.33618],[-120.18382,39.33694]],[[-120.1824,39.33592],[-120.18127,39.33566],[-120.1798,39.33573],[-120.17909,39.33563],[-120.17836,39.336],[-120.17454,39.3373],[-120.17422,39.33749],[-120.17422,39.33776]]]}},{"type":"Feature","properties":{"id":"trail-named-path-Pioneer Trail Downtown Connector","name":"Pioneer Trail Downtown Connector","kind":"trail","policy":"restricted","note":"Tahoe National Forest and town open space around Truckee — the Town's voice-and-visual-control standard applies inside town limits; check posted rules at trailheads.","source_url":"https://www.truckeepolice.gov/faq/is-there-a-leash-law-in-truckee-2/","venue":null,"acres":null,"miles":0.6,"approx":false,"osm":null},"geometry":{"type":"MultiLineString","coordinates":[[[-120.18816,39.33292],[-120.18788,39.33288],[-120.18633,39.33208],[-120.18569,39.33198],[-120.18389,39.33285],[-120.18243,39.33369],[-120.1826,39.33391],[-120.18252,39.33417],[-120.18297,39.33553],[-120.1824,39.33592]],[[-120.18942,39.33349],[-120.18816,39.33292]]]}},{"type":"Feature","properties":{"id":"trail-named-path-Pioneer Trail/DPR RAB","name":"Pioneer Trail/DPR RAB","kind":"trail","policy":"restricted","note":"Tahoe National Forest and town open space around Truckee — the Town's voice-and-visual-control standard applies inside town limits; check posted rules at trailheads.","source_url":"https://www.truckeepolice.gov/faq/is-there-a-leash-law-in-truckee-2/","venue":null,"acres":null,"miles":0.1,"approx":false,"osm":null},"geometry":{"type":"MultiLineString","coordinates":[[[-120.17405,39.33751],[-120.17368,39.33777],[-120.17353,39.33863],[-120.17323,39.33895]]]}},{"type":"Feature","properties":{"id":"trail-named-path-Pooker's","name":"Pooker's","kind":"trail","policy":"restricted","note":"Tahoe National Forest and town open space around Truckee — the Town's voice-and-visual-control standard applies inside town limits; check posted rules at trailheads.","source_url":"https://www.truckeepolice.gov/faq/is-there-a-leash-law-in-truckee-2/","venue":null,"acres":null,"miles":0.4,"approx":false,"osm":null},"geometry":{"type":"MultiLineString","coordinates":[[[-120.25134,39.3767],[-120.25129,39.37645],[-120.25154,39.37624],[-120.25271,39.37585],[-120.25275,39.37563],[-120.25382,39.37463],[-120.25403,39.37415],[-120.25465,39.37342],[-120.2554,39.37296],[-120.25641,39.37265]]]}},{"type":"Feature","properties":{"id":"trail-named-path-Powerline","name":"Powerline","kind":"trail","policy":"restricted","note":"Tahoe National Forest and town open space around Truckee — the Town's voice-and-visual-control standard applies inside town limits; check posted rules at trailheads.","source_url":"https://www.truckeepolice.gov/faq/is-there-a-leash-law-in-truckee-2/","venue":null,"acres":null,"miles":0.2,"approx":false,"osm":null},"geometry":{"type":"MultiLineString","coordinates":[[[-120.2408,39.38977],[-120.24,39.39023],[-120.23972,39.39053],[-120.23927,39.39147],[-120.23909,39.39239]]]}},{"type":"Feature","properties":{"id":"trail-named-path-Private access path","name":"Private access path","kind":"trail","policy":"restricted","note":"Tahoe National Forest and town open space around Truckee — the Town's voice-and-visual-control standard applies inside town limits; check posted rules at trailheads.","source_url":"https://www.truckeepolice.gov/faq/is-there-a-leash-law-in-truckee-2/","venue":null,"acres":null,"miles":0.0,"approx":false,"osm":null},"geometry":{"type":"MultiLineString","coordinates":[[[-120.24287,39.36795],[-120.24258,39.36813]]]}},{"type":"Feature","properties":{"id":"trail-named-path-Prosser Dam Trail","name":"Prosser Dam Trail","kind":"trail","policy":"restricted","note":"Tahoe National Forest and town open space around Truckee — the Town's voice-and-visual-control standard applies inside town limits; check posted rules at trailheads.","source_url":"https://www.truckeepolice.gov/faq/is-there-a-leash-law-in-truckee-2/","venue":null,"acres":null,"miles":1.0,"approx":false,"osm":null},"geometry":{"type":"MultiLineString","coordinates":[[[-120.15985,39.35598],[-120.16109,39.35454],[-120.16161,39.35434],[-120.16426,39.35225],[-120.1661,39.3512],[-120.1678,39.34984],[-120.16817,39.34971],[-120.1682,39.34948],[-120.17008,39.34794],[-120.17158,39.34609]],[[-120.17158,39.34609],[-120.17209,39.34549],[-120.1723,39.34541]],[[-120.1723,39.34541],[-120.17257,39.34537]]]}},{"type":"Feature","properties":{"id":"trail-named-path-Prosser Hill Motorcycle Loop","name":"Prosser Hill Motorcycle Loop","kind":"trail","policy":"restricted","note":"Tahoe National Forest and town open space around Truckee — the Town's voice-and-visual-control standard applies inside town limits; check posted rules at trailheads.","source_url":"https://www.truckeepolice.gov/faq/is-there-a-leash-law-in-truckee-2/","venue":null,"acres":null,"miles":6.2,"approx":false,"osm":null},"geometry":{"type":"MultiLineString","coordinates":[[[-120.21713,39.37548],[-120.21764,39.37552],[-120.2186,39.37525],[-120.21856,39.37567],[-120.2184,39.37588],[-120.21786,39.37614],[-120.21696,39.37631],[-120.21686,39.3765],[-120.21628,39.37684],[-120.21541,39.3769],[-120.21528,39.37704],[-120.21533,39.37723],[-120.21516,39.37734],[-120.21447,39.37708],[-120.21423,39.37718],[-120.21363,39.37671],[-120.21246,39.37643],[-120.21197,39.37606],[-120.2097,39.37499],[-120.20671,39.37472],[-120.20636,39.37496],[-120.20575,39.37494],[-120.20515,39.37477],[-120.20464,39.37436],[-120.20372,39.37408],[-120.20325,39.37399],[-120.20276,39.3741],[-120.20179,39.37391],[-120.20118,39.37366]],[[-120.19802,39.37427],[-120.19748,39.37473],[-120.19689,39.37614],[-120.19712,39.37683],[-120.19692,39.37752],[-120.19753,39.37746],[-120.19754,39.37754],[-120.19727,39.3784],[-120.19734,39.37887],[-120.1971,39.38015],[-120.19685,39.38072],[-120.19633,39.38137],[-120.19536,39.38171],[-120.19404,39.38195],[-120.19316,39.38229],[-120.19275,39.38287],[-120.19201,39.38464],[-120.19125,39.38517],[-120.19134,39.38525],[-120.19191,39.3852],[-120.19144,39.38554],[-120.19159,39.3856],[-120.1915,39.3858],[-120.1913,39.38585],[-120.19131,39.386],[-120.1895,39.38616],[-120.18776,39.38552],[-120.18762,39.38576],[-120.18688,39.38591],[-120.1859,39.38633]],[[-120.21713,39.37548],[-120.21563,39.3753],[-120.21559,39.37515],[-120.21538,39.37549],[-120.2147,39.37539],[-120.2143,39.37509],[-120.21409,39.37524],[-120.21353,39.3751],[-120.21326,39.37516],[-120.21288,39.37496],[-120.21233,39.37431],[-120.21198,39.37411],[-120.21141,39.37413],[-120.21144,39.37463],[-120.21103,39.37433],[-120.21033,39.37414],[-120.21002,39.37411],[-120.20968,39.37431],[-120.20893,39.37389],[-120.20818,39.37389],[-120.20608,39.37339],[-120.205,39.37329],[-120.2045,39.37297],[-120.20437,39.37309],[-120.20423,39.37297],[-120.20413,39.37307],[-120.20389,39.37263],[-120.2036,39.37266],[-120.20351,39.37246],[-120.20278,39.37284],[-120.20276,39.37243],[-120.20223,39.37296],[-120.20162,39.37333],[-120.20074,39.37306],[-120.20027,39.37327]],[[-120.19826,39.3737],[-120.19726,39.37359],[-120.19629,39.37368],[-120.19588,39.37358],[-120.19513,39.37405],[-120.19523,39.37492],[-120.19501,39.37519],[-120.19542,39.37533],[-120.19474,39.37561],[-120.1944,39.3753],[-120.19378,39.37378],[-120.19327,39.37309],[-120.19311,39.37258],[-120.19279,39.37236],[-120.19257,39.37239],[-120.19245,39.37281],[-120.19282,39.37339],[-120.19277,39.37384],[-120.19323,39.37465],[-120.19375,39.37623],[-120.1934,39.37687],[-120.19298,39.37692],[-120.19319,39.37641],[-120.19287,39.37535],[-120.19147,39.37248],[-120.19173,39.37225],[-120.19205,39.37221],[-120.19257,39.37188],[-120.1942,39.37139],[-120.19629,39.3714],[-120.19703,39.37165]],[[-120.20118,39.37366],[-120.20056,39.37362],[-120.19989,39.3738],[-120.19963,39.37403],[-120.19922,39.3748],[-120.19986,39.37508],[-120.20075,39.3758],[-120.20058,39.37638],[-120.19947,39.37624],[-120.19863,39.37663],[-120.19785,39.37666],[-120.1976,39.37657],[-120.19743,39.37596],[-120.19807,39.37504],[-120.19825,39.37452],[-120.19802,39.37427]],[[-120.18742,39.37403],[-120.18641,39.37279],[-120.18577,39.37229],[-120.18579,39.37203]],[[-120.19839,39.37381],[-120.19826,39.3737]],[[-120.20027,39.37327],[-120.19839,39.37381]]]}},{"type":"Feature","properties":{"id":"trail-named-path-Prosser Hill Motorcycle Loop (Animal)","name":"Prosser Hill Motorcycle Loop (Animal)","kind":"trail","policy":"restricted","note":"Tahoe National Forest and town open space around Truckee — the Town's voice-and-visual-control standard applies inside town limits; check posted rules at trailheads.","source_url":"https://www.truckeepolice.gov/faq/is-there-a-leash-law-in-truckee-2/","venue":null,"acres":null,"miles":1.1,"approx":false,"osm":null},"geometry":{"type":"MultiLineString","coordinates":[[[-120.19703,39.37165],[-120.19718,39.37161],[-120.19701,39.37133],[-120.19755,39.37132],[-120.19709,39.37103],[-120.19796,39.37106],[-120.19707,39.37062],[-120.19742,39.37065],[-120.19717,39.37042],[-120.19759,39.37041],[-120.19737,39.37017],[-120.19755,39.37009],[-120.1966,39.36976],[-120.1956,39.36976],[-120.19308,39.36997],[-120.19156,39.37043],[-120.19212,39.37005],[-120.19179,39.37006],[-120.18981,39.37057],[-120.18922,39.37084],[-120.18885,39.37118],[-120.18884,39.37101],[-120.18865,39.37115],[-120.18868,39.3709],[-120.18855,39.37089],[-120.18724,39.37168],[-120.18701,39.37147],[-120.1865,39.37172],[-120.18636,39.37167],[-120.18601,39.37201],[-120.18579,39.37203]]]}},{"type":"Feature","properties":{"id":"trail-named-path-Prosser Lakeview Trail","name":"Prosser Lakeview Trail","kind":"trail","policy":"restricted","note":"Tahoe National Forest and town open space around Truckee — the Town's voice-and-visual-control standard applies inside town limits; check posted rules at trailheads.","source_url":"https://www.truckeepolice.gov/faq/is-there-a-leash-law-in-truckee-2/","venue":null,"acres":null,"miles":0.7,"approx":false,"osm":null},"geometry":{"type":"MultiLineString","coordinates":[[[-120.17421,39.37166],[-120.17433,39.37179],[-120.17535,39.37177],[-120.17701,39.3714]],[[-120.18071,39.37553],[-120.18008,39.37504],[-120.17986,39.37382],[-120.17993,39.37356],[-120.18079,39.37349],[-120.18135,39.37317],[-120.18071,39.37222],[-120.18073,39.37166],[-120.18059,39.3714],[-120.1797,39.371],[-120.17903,39.37151],[-120.17852,39.37171],[-120.17701,39.3714]]]}},{"type":"Feature","properties":{"id":"trail-named-path-Quickdraw","name":"Quickdraw","kind":"trail","policy":"restricted","note":"Tahoe National Forest and town open space around Truckee — the Town's voice-and-visual-control standard applies inside town limits; check posted rules at trailheads.","source_url":"https://www.truckeepolice.gov/faq/is-there-a-leash-law-in-truckee-2/","venue":null,"acres":null,"miles":0.2,"approx":false,"osm":null},"geometry":{"type":"MultiLineString","coordinates":[[[-120.25488,39.37874],[-120.25482,39.37887],[-120.25502,39.37889],[-120.25541,39.37866],[-120.25543,39.37887],[-120.25556,39.37873],[-120.25561,39.37915],[-120.25538,39.37932]],[[-120.2554,39.37934],[-120.25563,39.37948],[-120.2551,39.37992]],[[-120.25538,39.37932],[-120.2554,39.37934]],[[-120.25602,39.37998],[-120.2551,39.37992]]]}},{"type":"Feature","properties":{"id":"trail-named-path-Ranger Smith's","name":"Ranger Smith's","kind":"trail","policy":"restricted","note":"Tahoe National Forest and town open space around Truckee — the Town's voice-and-visual-control standard applies inside town limits; check posted rules at trailheads.","source_url":"https://www.truckeepolice.gov/faq/is-there-a-leash-law-in-truckee-2/","venue":null,"acres":null,"miles":1.5,"approx":false,"osm":null},"geometry":{"type":"MultiLineString","coordinates":[[[-120.24767,39.28331],[-120.24781,39.28365],[-120.2483,39.28397],[-120.24891,39.28477],[-120.24837,39.28475],[-120.24746,39.28544],[-120.24728,39.28586],[-120.24779,39.28559],[-120.2476,39.28614],[-120.25156,39.28457],[-120.2498,39.28607],[-120.24899,39.28639],[-120.24808,39.28795],[-120.24864,39.28758],[-120.24851,39.2879],[-120.24895,39.28757],[-120.2486,39.28832],[-120.24899,39.28804],[-120.24887,39.28834],[-120.24808,39.28956],[-120.2477,39.28993],[-120.24745,39.29062],[-120.24773,39.29041],[-120.24702,39.29177],[-120.24611,39.29263],[-120.24565,39.29324],[-120.24576,39.29334]]]}},{"type":"Feature","properties":{"id":"trail-named-path-Rawhide","name":"Rawhide","kind":"trail","policy":"restricted","note":"Tahoe National Forest and town open space around Truckee — the Town's voice-and-visual-control standard applies inside town limits; check posted rules at trailheads.","source_url":"https://www.truckeepolice.gov/faq/is-there-a-leash-law-in-truckee-2/","venue":null,"acres":null,"miles":0.4,"approx":false,"osm":null},"geometry":{"type":"MultiLineString","coordinates":[[[-120.25473,39.37432],[-120.25479,39.37466],[-120.25438,39.37517],[-120.25433,39.37602]],[[-120.25678,39.37517],[-120.2568,39.37531],[-120.25763,39.37517],[-120.25766,39.37534],[-120.25744,39.37566],[-120.25913,39.3753],[-120.25997,39.37534]]]}},{"type":"Feature","properties":{"id":"trail-named-path-Ridgeline Nature Loop","name":"Ridgeline Nature Loop","kind":"trail","policy":"restricted","note":"Tahoe National Forest and town open space around Truckee — the Town's voice-and-visual-control standard applies inside town limits; check posted rules at trailheads.","source_url":"https://www.truckeepolice.gov/faq/is-there-a-leash-law-in-truckee-2/","venue":null,"acres":null,"miles":1.0,"approx":false,"osm":null},"geometry":{"type":"MultiLineString","coordinates":[[[-120.19196,39.31004],[-120.19201,39.31042]],[[-120.19201,39.31042],[-120.19222,39.31055],[-120.19277,39.31058],[-120.19363,39.31026],[-120.19438,39.31015],[-120.19498,39.30989],[-120.19557,39.30986],[-120.19719,39.31044],[-120.1979,39.31109],[-120.19897,39.31098],[-120.19898,39.31183],[-120.19813,39.31299],[-120.19729,39.31232],[-120.19698,39.31225],[-120.19696,39.31205],[-120.19635,39.31174],[-120.19581,39.31163],[-120.19521,39.31168],[-120.1945,39.31145],[-120.19369,39.31173],[-120.19259,39.31146],[-120.19211,39.31108],[-120.19201,39.31042]]]}},{"type":"Feature","properties":{"id":"trail-named-path-Riverview Sports Park Trail Connector","name":"Riverview Sports Park Trail Connector","kind":"trail","policy":"restricted","note":"Tahoe National Forest and town open space around Truckee — the Town's voice-and-visual-control standard applies inside town limits; check posted rules at trailheads.","source_url":"https://www.truckeepolice.gov/faq/is-there-a-leash-law-in-truckee-2/","venue":null,"acres":null,"miles":0.3,"approx":false,"osm":null},"geometry":{"type":"MultiLineString","coordinates":[[[-120.15624,39.32947],[-120.1544,39.32947],[-120.1543,39.3302],[-120.15338,39.33039],[-120.15303,39.3306],[-120.1523,39.33065],[-120.15204,39.33094],[-120.15104,39.33135]]]}},{"type":"Feature","properties":{"id":"trail-named-path-Rock Roll","name":"Rock Roll","kind":"trail","policy":"restricted","note":"Tahoe National Forest and town open space around Truckee — the Town's voice-and-visual-control standard applies inside town limits; check posted rules at trailheads.","source_url":"https://www.truckeepolice.gov/faq/is-there-a-leash-law-in-truckee-2/","venue":null,"acres":null,"miles":0.0,"approx":false,"osm":null},"geometry":{"type":"MultiLineString","coordinates":[[[-120.24707,39.37651],[-120.24683,39.37638]]]}},{"type":"Feature","properties":{"id":"trail-named-path-Rock Roll 1","name":"Rock Roll 1","kind":"trail","policy":"restricted","note":"Tahoe National Forest and town open space around Truckee — the Town's voice-and-visual-control standard applies inside town limits; check posted rules at trailheads.","source_url":"https://www.truckeepolice.gov/faq/is-there-a-leash-law-in-truckee-2/","venue":null,"acres":null,"miles":0.0,"approx":false,"osm":null},"geometry":{"type":"MultiLineString","coordinates":[[[-120.22442,39.31289],[-120.22407,39.31291]]]}},{"type":"Feature","properties":{"id":"trail-named-path-Rock Roll 2","name":"Rock Roll 2","kind":"trail","policy":"restricted","note":"Tahoe National Forest and town open space around Truckee — the Town's voice-and-visual-control standard applies inside town limits; check posted rules at trailheads.","source_url":"https://www.truckeepolice.gov/faq/is-there-a-leash-law-in-truckee-2/","venue":null,"acres":null,"miles":0.0,"approx":false,"osm":null},"geometry":{"type":"MultiLineString","coordinates":[[[-120.22407,39.31291],[-120.22391,39.31287],[-120.22384,39.31302]]]}},{"type":"Feature","properties":{"id":"trail-named-path-Rocky Road","name":"Rocky Road","kind":"trail","policy":"restricted","note":"Tahoe National Forest and town open space around Truckee — the Town's voice-and-visual-control standard applies inside town limits; check posted rules at trailheads.","source_url":"https://www.truckeepolice.gov/faq/is-there-a-leash-law-in-truckee-2/","venue":null,"acres":null,"miles":0.2,"approx":false,"osm":null},"geometry":{"type":"MultiLineString","coordinates":[[[-120.21783,39.26966],[-120.21707,39.26939],[-120.21631,39.26876],[-120.21639,39.2683],[-120.21614,39.26781],[-120.21621,39.26741]]]}},{"type":"Feature","properties":{"id":"trail-named-path-Royal Flush","name":"Royal Flush","kind":"trail","policy":"restricted","note":"Tahoe National Forest and town open space around Truckee — the Town's voice-and-visual-control standard applies inside town limits; check posted rules at trailheads.","source_url":"https://www.truckeepolice.gov/faq/is-there-a-leash-law-in-truckee-2/","venue":null,"acres":null,"miles":1.1,"approx":false,"osm":null},"geometry":{"type":"MultiLineString","coordinates":[[[-120.11068,39.32995],[-120.11051,39.32927],[-120.10974,39.32866],[-120.10929,39.32784],[-120.10982,39.32724],[-120.11045,39.32687],[-120.1105,39.32677],[-120.11021,39.32666],[-120.1102,39.32655],[-120.11136,39.32598]],[[-120.11068,39.32995],[-120.10904,39.33016],[-120.10829,39.33014],[-120.10728,39.32978],[-120.10432,39.3282],[-120.10416,39.32819],[-120.10422,39.32836],[-120.10408,39.3284],[-120.10284,39.32782],[-120.10302,39.32815],[-120.10041,39.32705],[-120.10005,39.32701],[-120.10014,39.32714],[-120.10003,39.32716],[-120.09899,39.3268]]]}},{"type":"Feature","properties":{"id":"trail-named-path-SR 89 Trail","name":"SR 89 Trail","kind":"trail","policy":"restricted","note":"Tahoe National Forest and town open space around Truckee — the Town's voice-and-visual-control standard applies inside town limits; check posted rules at trailheads.","source_url":"https://www.truckeepolice.gov/faq/is-there-a-leash-law-in-truckee-2/","venue":null,"acres":null,"miles":1.4,"approx":false,"osm":null},"geometry":{"type":"MultiLineString","coordinates":[[[-120.17153,39.34866],[-120.17205,39.34885],[-120.17218,39.34904],[-120.17175,39.35009],[-120.17205,39.35188],[-120.17186,39.35268],[-120.17236,39.35357],[-120.17232,39.35471],[-120.17293,39.35606],[-120.17297,39.35744],[-120.17337,39.35801],[-120.17355,39.35887],[-120.17338,39.35923]],[[-120.17146,39.34602],[-120.17135,39.34598],[-120.17171,39.34549],[-120.17123,39.34517],[-120.17114,39.34448],[-120.17072,39.3443],[-120.17053,39.34376],[-120.17075,39.34245],[-120.17116,39.34197],[-120.17098,39.34152]],[[-120.17111,39.34825],[-120.17153,39.34866]],[[-120.17146,39.34602],[-120.17216,39.3462],[-120.17224,39.34632],[-120.17111,39.34825]]]}},{"type":"Feature","properties":{"id":"trail-named-path-Sawtooth Trail","name":"Sawtooth Trail","kind":"trail","policy":"restricted","note":"Tahoe National Forest and town open space around Truckee — the Town's voice-and-visual-control standard applies inside town limits; check posted rules at trailheads.","source_url":"https://www.truckeepolice.gov/faq/is-there-a-leash-law-in-truckee-2/","venue":null,"acres":null,"miles":8.1,"approx":false,"osm":null},"geometry":{"type":"MultiLineString","coordinates":[[[-120.18351,39.27617],[-120.18371,39.27629],[-120.18444,39.27593],[-120.18473,39.27592],[-120.18552,39.27649],[-120.18685,39.27689],[-120.18734,39.27736],[-120.18735,39.2781],[-120.18765,39.27846],[-120.18764,39.2787],[-120.18711,39.27926],[-120.18718,39.27951],[-120.18706,39.27968],[-120.18631,39.28006],[-120.18567,39.28072],[-120.18537,39.28085],[-120.1853,39.28103],[-120.18542,39.28165],[-120.18596,39.28231],[-120.18653,39.28266],[-120.18682,39.28318],[-120.18766,39.28346],[-120.1881,39.28344],[-120.18863,39.28319],[-120.18994,39.28286],[-120.19084,39.28211],[-120.19156,39.28184],[-120.19309,39.2822],[-120.19425,39.28314],[-120.19454,39.28418],[-120.19406,39.28491],[-120.19236,39.28537],[-120.19052,39.28612],[-120.19018,39.28652],[-120.1904,39.28705],[-120.19072,39.28736],[-120.19081,39.28773],[-120.19061,39.28933],[-120.19098,39.28991],[-120.19154,39.29046],[-120.19209,39.29129],[-120.19279,39.29179],[-120.19337,39.29188],[-120.19411,39.29176],[-120.19468,39.29219]],[[-120.19729,39.29503],[-120.1972,39.29495],[-120.19742,39.29474],[-120.19746,39.29417],[-120.19767,39.29398],[-120.19868,39.29449],[-120.19912,39.29372],[-120.19905,39.29322],[-120.19978,39.29382],[-120.20048,39.29392],[-120.20073,39.29365],[-120.20028,39.29326],[-120.20014,39.29259],[-120.19991,39.29233],[-120.19998,39.29169],[-120.20049,39.29102],[-120.20046,39.29076],[-120.20011,39.29018],[-120.20015,39.28984],[-120.19928,39.28873],[-120.19959,39.2881],[-120.20014,39.28774],[-120.20062,39.28698],[-120.20068,39.28646],[-120.2005,39.28618],[-120.20059,39.28587],[-120.20048,39.28509],[-120.20029,39.28473],[-120.20035,39.28443],[-120.20062,39.28416],[-120.20107,39.28406],[-120.20129,39.28383],[-120.20165,39.2837],[-120.20183,39.28274],[-120.20162,39.28253],[-120.20066,39.2821],[-120.20101,39.2814],[-120.19988,39.28049],[-120.20063,39.2801],[-120.20129,39.27895],[-120.20224,39.27819],[-120.2022,39.27765],[-120.20248,39.27736],[-120.20262,39.27739],[-120.20295,39.27805],[-120.20326,39.27914],[-120.20341,39.27923],[-120.20354,39.27911],[-120.20306,39.27745],[-120.20366,39.27474],[-120.20276,39.27365],[-120.20313,39.27252],[-120.20316,39.27191],[-120.20299,39.27134],[-120.20196,39.27074],[-120.2016,39.27019],[-120.20133,39.27013],[-120.20083,39.27098],[-120.20087,39.2715],[-120.20038,39.27233],[-120.19925,39.27351],[-120.19891,39.27425],[-120.19845,39.27461],[-120.19766,39.2749],[-120.19715,39.27494],[-120.19666,39.27449],[-120.19606,39.2745],[-120.19515,39.27423],[-120.19477,39.27444],[-120.19463,39.27472],[-120.1942,39.27485],[-120.19313,39.27569],[-120.19263,39.27624],[-120.19213,39.27647],[-120.19035,39.27655],[-120.18847,39.27617],[-120.18652,39.27507],[-120.18534,39.27465],[-120.18444,39.2748],[-120.18399,39.27503],[-120.18356,39.27553],[-120.18351,39.27617]],[[-120.19697,39.29536],[-120.19729,39.29503],[-120.19755,39.29513],[-120.19778,39.29554],[-120.19817,39.29524],[-120.1984,39.29528],[-120.19853,39.2956],[-120.19837,39.2961],[-120.19846,39.29638],[-120.19911,39.29654],[-120.19931,39.29709],[-120.19994,39.29751],[-120.19986,39.29801],[-120.19956,39.29844],[-120.19992,39.2993],[-120.19971,39.30029],[-120.20004,39.30109],[-120.20089,39.30228],[-120.2017,39.30287],[-120.20171,39.30354],[-120.20192,39.30391],[-120.20192,39.30423],[-120.20234,39.30443],[-120.2022,39.30525],[-120.20169,39.30574],[-120.20152,39.30611],[-120.20057,39.30651],[-120.20019,39.30639],[-120.19944,39.3068],[-120.19969,39.3074],[-120.19944,39.30799],[-120.1995,39.30834],[-120.19926,39.30879],[-120.19895,39.30891],[-120.19893,39.30866],[-120.19882,39.30866],[-120.19847,39.30935],[-120.19815,39.30939],[-120.19808,39.3102],[-120.19772,39.31064],[-120.19646,39.31062],[-120.19542,39.31085],[-120.19463,39.31073],[-120.19317,39.31074],[-120.19263,39.31089],[-120.19174,39.31056],[-120.19168,39.31006]],[[-120.19468,39.29219],[-120.19488,39.29268],[-120.19563,39.29362],[-120.19571,39.29438],[-120.19531,39.29487],[-120.19531,39.29514],[-120.19644,39.29492],[-120.19647,39.29545],[-120.19697,39.29536]]]}},{"type":"Feature","properties":{"id":"trail-named-path-Sawyer Trail","name":"Sawyer Trail","kind":"trail","policy":"restricted","note":"Tahoe National Forest and town open space around Truckee — the Town's voice-and-visual-control standard applies inside town limits; check posted rules at trailheads.","source_url":"https://www.truckeepolice.gov/faq/is-there-a-leash-law-in-truckee-2/","venue":null,"acres":null,"miles":1.3,"approx":false,"osm":null},"geometry":{"type":"MultiLineString","coordinates":[[[-120.1837,39.29919],[-120.18421,39.29926],[-120.18473,39.29907],[-120.18487,39.29941],[-120.18477,39.30017],[-120.18449,39.3003],[-120.18416,39.30022],[-120.18443,39.30084],[-120.18418,39.30077],[-120.18389,39.30044],[-120.18381,39.30059],[-120.18388,39.30106],[-120.18358,39.30267],[-120.18396,39.30309],[-120.18441,39.30324],[-120.18397,39.30343],[-120.1832,39.3035],[-120.18373,39.30376],[-120.18233,39.30413],[-120.18125,39.30494],[-120.18175,39.30516],[-120.18331,39.30533],[-120.18373,39.30555],[-120.18373,39.3057],[-120.18458,39.30617],[-120.18446,39.30636],[-120.18467,39.30671],[-120.18439,39.3069],[-120.18468,39.30705],[-120.18424,39.30722],[-120.18217,39.30697],[-120.1814,39.30722],[-120.18116,39.30741],[-120.18006,39.3077],[-120.17966,39.30799],[-120.17922,39.30788]]]}},{"type":"Feature","properties":{"id":"trail-named-path-Schaeffer Creek Trail","name":"Schaeffer Creek Trail","kind":"trail","policy":"restricted","note":"Tahoe National Forest and town open space around Truckee — the Town's voice-and-visual-control standard applies inside town limits; check posted rules at trailheads.","source_url":"https://www.truckeepolice.gov/faq/is-there-a-leash-law-in-truckee-2/","venue":null,"acres":null,"miles":1.5,"approx":false,"osm":null},"geometry":{"type":"MultiLineString","coordinates":[[[-120.17156,39.26724],[-120.17152,39.26642],[-120.17207,39.26465],[-120.17191,39.26403],[-120.17204,39.26337],[-120.17176,39.26286],[-120.17061,39.26179],[-120.16978,39.26069],[-120.16933,39.25954],[-120.16827,39.25901],[-120.16729,39.25793],[-120.16511,39.25708],[-120.16468,39.25677],[-120.16454,39.25637],[-120.1637,39.25579],[-120.16239,39.25509],[-120.16138,39.2547],[-120.16083,39.25433],[-120.15911,39.25399],[-120.15787,39.25324],[-120.15701,39.25324],[-120.15663,39.25307],[-120.15554,39.25339]]]}},{"type":"Feature","properties":{"id":"trail-named-path-Schallenberger Ridge Road","name":"Schallenberger Ridge Road","kind":"trail","policy":"restricted","note":"Tahoe National Forest and town open space around Truckee — the Town's voice-and-visual-control standard applies inside town limits; check posted rules at trailheads.","source_url":"https://www.truckeepolice.gov/faq/is-there-a-leash-law-in-truckee-2/","venue":null,"acres":null,"miles":0.1,"approx":false,"osm":null},"geometry":{"type":"MultiLineString","coordinates":[[[-120.2647,39.30691],[-120.26469,39.3078],[-120.26429,39.3081]]]}},{"type":"Feature","properties":{"id":"trail-named-path-Sidewinder","name":"Sidewinder","kind":"trail","policy":"restricted","note":"Tahoe National Forest and town open space around Truckee — the Town's voice-and-visual-control standard applies inside town limits; check posted rules at trailheads.","source_url":"https://www.truckeepolice.gov/faq/is-there-a-leash-law-in-truckee-2/","venue":null,"acres":null,"miles":1.3,"approx":false,"osm":null},"geometry":{"type":"MultiLineString","coordinates":[[[-120.28474,39.37402],[-120.28431,39.37409],[-120.2836,39.37452],[-120.28231,39.37456],[-120.28187,39.37477],[-120.28143,39.37477],[-120.28004,39.37548],[-120.27886,39.37534],[-120.27876,39.37583],[-120.278,39.37635],[-120.27675,39.37677],[-120.27608,39.37714],[-120.27634,39.37719],[-120.27551,39.37757],[-120.27498,39.37775],[-120.27463,39.37771],[-120.27397,39.37796],[-120.27272,39.37813],[-120.27192,39.3779],[-120.27153,39.37789],[-120.27134,39.37776],[-120.27143,39.37741],[-120.2707,39.37726],[-120.27006,39.37749],[-120.26855,39.37752],[-120.26736,39.37774],[-120.26694,39.37748],[-120.26649,39.37774],[-120.26626,39.3776],[-120.26595,39.37767],[-120.26567,39.37752],[-120.26532,39.37761],[-120.26441,39.37758],[-120.26417,39.37733]]]}},{"type":"Feature","properties":{"id":"trail-named-path-Ski Slope/Teewinot Connector","name":"Ski Slope/Teewinot Connector","kind":"trail","policy":"restricted","note":"Tahoe National Forest and town open space around Truckee — the Town's voice-and-visual-control standard applies inside town limits; check posted rules at trailheads.","source_url":"https://www.truckeepolice.gov/faq/is-there-a-leash-law-in-truckee-2/","venue":null,"acres":null,"miles":0.1,"approx":false,"osm":null},"geometry":{"type":"MultiLineString","coordinates":[[[-120.26071,39.34278],[-120.26042,39.3437],[-120.26006,39.34399]]]}},{"type":"Feature","properties":{"id":"trail-named-path-Skidder","name":"Skidder","kind":"trail","policy":"restricted","note":"Tahoe National Forest and town open space around Truckee — the Town's voice-and-visual-control standard applies inside town limits; check posted rules at trailheads.","source_url":"https://www.truckeepolice.gov/faq/is-there-a-leash-law-in-truckee-2/","venue":null,"acres":null,"miles":0.4,"approx":false,"osm":null},"geometry":{"type":"MultiLineString","coordinates":[[[-120.18525,39.29299],[-120.18531,39.29334],[-120.18658,39.29438],[-120.1868,39.29495],[-120.18745,39.29569],[-120.18739,39.29595],[-120.18663,39.29603],[-120.18662,39.2962]],[[-120.18662,39.2962],[-120.187,39.29642],[-120.18697,39.2967],[-120.18724,39.29716]]]}},{"type":"Feature","properties":{"id":"trail-named-path-South Gray's Crossing Loop","name":"South Gray's Crossing Loop","kind":"trail","policy":"restricted","note":"Tahoe National Forest and town open space around Truckee — the Town's voice-and-visual-control standard applies inside town limits; check posted rules at trailheads.","source_url":"https://www.truckeepolice.gov/faq/is-there-a-leash-law-in-truckee-2/","venue":null,"acres":null,"miles":1.1,"approx":false,"osm":null},"geometry":{"type":"MultiLineString","coordinates":[[[-120.16997,39.34163],[-120.16991,39.34133],[-120.1689,39.34011],[-120.16718,39.34016],[-120.16587,39.34058],[-120.16547,39.34117],[-120.16377,39.34241],[-120.16096,39.34434],[-120.16002,39.34513],[-120.15895,39.34563],[-120.1589,39.34618],[-120.15846,39.34708],[-120.15844,39.34929],[-120.15826,39.35014]]]}},{"type":"Feature","properties":{"id":"trail-named-path-Spaghetti","name":"Spaghetti","kind":"trail","policy":"restricted","note":"Tahoe National Forest and town open space around Truckee — the Town's voice-and-visual-control standard applies inside town limits; check posted rules at trailheads.","source_url":"https://www.truckeepolice.gov/faq/is-there-a-leash-law-in-truckee-2/","venue":null,"acres":null,"miles":0.5,"approx":false,"osm":null},"geometry":{"type":"MultiLineString","coordinates":[[[-120.18445,39.26659],[-120.18514,39.26701],[-120.18603,39.26698],[-120.18635,39.26683],[-120.18701,39.26703],[-120.18752,39.26687],[-120.18756,39.26708],[-120.18786,39.26706],[-120.18809,39.26729],[-120.18836,39.26715],[-120.18873,39.26774],[-120.1889,39.26769],[-120.18941,39.26797],[-120.18944,39.26777],[-120.18959,39.26775],[-120.1902,39.26841],[-120.19038,39.26836],[-120.19045,39.26813],[-120.19058,39.26817],[-120.19058,39.26842],[-120.19089,39.2682],[-120.19137,39.26821],[-120.19152,39.26808],[-120.19167,39.26812],[-120.19149,39.26825]]]}},{"type":"Feature","properties":{"id":"trail-named-path-Splinter","name":"Splinter","kind":"trail","policy":"restricted","note":"Tahoe National Forest and town open space around Truckee — the Town's voice-and-visual-control standard applies inside town limits; check posted rules at trailheads.","source_url":"https://www.truckeepolice.gov/faq/is-there-a-leash-law-in-truckee-2/","venue":null,"acres":null,"miles":0.8,"approx":false,"osm":null},"geometry":{"type":"MultiLineString","coordinates":[[[-120.17972,39.27153],[-120.1799,39.27149],[-120.18002,39.2716],[-120.18021,39.2715],[-120.18028,39.27201],[-120.18099,39.27158],[-120.18079,39.27267],[-120.18023,39.27313],[-120.18087,39.27309],[-120.18272,39.27227],[-120.18201,39.27308],[-120.18188,39.27442],[-120.18097,39.27493],[-120.18203,39.27516],[-120.1817,39.27551],[-120.18118,39.27569],[-120.18042,39.27625],[-120.18051,39.27637],[-120.18099,39.2765]]]}},{"type":"Feature","properties":{"id":"trail-named-path-Springboard","name":"Springboard","kind":"trail","policy":"restricted","note":"Tahoe National Forest and town open space around Truckee — the Town's voice-and-visual-control standard applies inside town limits; check posted rules at trailheads.","source_url":"https://www.truckeepolice.gov/faq/is-there-a-leash-law-in-truckee-2/","venue":null,"acres":null,"miles":0.3,"approx":false,"osm":null},"geometry":{"type":"MultiLineString","coordinates":[[[-120.18912,39.31294],[-120.1896,39.31305],[-120.18994,39.31292],[-120.19015,39.31269],[-120.19087,39.31271],[-120.19125,39.31242],[-120.19125,39.31184],[-120.19099,39.3115],[-120.19098,39.31051],[-120.19107,39.31023],[-120.19144,39.30993]]]}},{"type":"Feature","properties":{"id":"trail-named-path-Steven's Lane Trail","name":"Steven's Lane Trail","kind":"trail","policy":"restricted","note":"Tahoe National Forest and town open space around Truckee — the Town's voice-and-visual-control standard applies inside town limits; check posted rules at trailheads.","source_url":"https://www.truckeepolice.gov/faq/is-there-a-leash-law-in-truckee-2/","venue":null,"acres":null,"miles":0.2,"approx":false,"osm":null},"geometry":{"type":"MultiLineString","coordinates":[[[-120.17423,39.33486],[-120.17373,39.33461],[-120.17327,39.33493],[-120.17076,39.33532]]]}},{"type":"Feature","properties":{"id":"trail-named-path-Sticks & Stones","name":"Sticks & Stones","kind":"trail","policy":"restricted","note":"Tahoe National Forest and town open space around Truckee — the Town's voice-and-visual-control standard applies inside town limits; check posted rules at trailheads.","source_url":"https://www.truckeepolice.gov/faq/is-there-a-leash-law-in-truckee-2/","venue":null,"acres":null,"miles":1.0,"approx":false,"osm":null},"geometry":{"type":"MultiLineString","coordinates":[[[-120.12294,39.25193],[-120.12237,39.25213],[-120.12259,39.25257],[-120.12214,39.25271],[-120.1217,39.25266],[-120.12192,39.25314],[-120.12179,39.2535],[-120.12194,39.25364],[-120.12131,39.25384],[-120.1215,39.25419],[-120.12085,39.25424],[-120.12095,39.25447],[-120.12078,39.25472],[-120.121,39.25502],[-120.12129,39.25535],[-120.12186,39.25561],[-120.12163,39.25577],[-120.12188,39.25771],[-120.12178,39.25817],[-120.12187,39.2586],[-120.12218,39.25895],[-120.12204,39.2592],[-120.12159,39.25918],[-120.12127,39.25943],[-120.12081,39.25943],[-120.12079,39.25956],[-120.12102,39.26018],[-120.12175,39.26087],[-120.1228,39.2612],[-120.12377,39.26118],[-120.12422,39.26128]]]}},{"type":"Feature","properties":{"id":"trail-named-path-Stockrest Springs Trail","name":"Stockrest Springs Trail","kind":"trail","policy":"restricted","note":"Tahoe National Forest and town open space around Truckee — the Town's voice-and-visual-control standard applies inside town limits; check posted rules at trailheads.","source_url":"https://www.truckeepolice.gov/faq/is-there-a-leash-law-in-truckee-2/","venue":null,"acres":null,"miles":1.1,"approx":false,"osm":null},"geometry":{"type":"MultiLineString","coordinates":[[[-120.16141,39.3363],[-120.16196,39.3354],[-120.16291,39.33461],[-120.16258,39.33435],[-120.16165,39.33418],[-120.16421,39.33393],[-120.16405,39.33401],[-120.16473,39.33403],[-120.16565,39.33451]],[[-120.16598,39.33458],[-120.16685,39.33412],[-120.16967,39.33389],[-120.17186,39.33342],[-120.17263,39.33363],[-120.17364,39.3335],[-120.17401,39.33355],[-120.17489,39.33341],[-120.17728,39.33267],[-120.17749,39.33277]]]}},{"type":"Feature","properties":{"id":"trail-named-path-Stump Shot Trail","name":"Stump Shot Trail","kind":"trail","policy":"restricted","note":"Tahoe National Forest and town open space around Truckee — the Town's voice-and-visual-control standard applies inside town limits; check posted rules at trailheads.","source_url":"https://www.truckeepolice.gov/faq/is-there-a-leash-law-in-truckee-2/","venue":null,"acres":null,"miles":2.2,"approx":false,"osm":null},"geometry":{"type":"MultiLineString","coordinates":[[[-120.18029,39.29611],[-120.18043,39.29537],[-120.18208,39.29341],[-120.182,39.29331],[-120.18101,39.29348],[-120.18114,39.29284],[-120.18157,39.29201],[-120.182,39.29178],[-120.18211,39.29143],[-120.18163,39.29069],[-120.18037,39.28934],[-120.18079,39.28934],[-120.18025,39.28872],[-120.18052,39.2887],[-120.18026,39.28847],[-120.18067,39.28818],[-120.17993,39.28799],[-120.18063,39.28764],[-120.18021,39.28759],[-120.17971,39.28726],[-120.18035,39.28695],[-120.17985,39.28664],[-120.18048,39.28604],[-120.18042,39.28593],[-120.17995,39.28585],[-120.18025,39.28562],[-120.18082,39.28464],[-120.18058,39.28428],[-120.18105,39.28311],[-120.18077,39.28273],[-120.1814,39.28248],[-120.18186,39.28214],[-120.181,39.28166],[-120.18054,39.2816],[-120.18079,39.28117],[-120.18058,39.28012],[-120.1808,39.27974],[-120.18113,39.27952],[-120.18228,39.27923],[-120.18277,39.27896],[-120.18226,39.27878],[-120.18069,39.27778],[-120.18202,39.27719],[-120.18136,39.27676],[-120.18081,39.2766],[-120.18099,39.2765]],[[-120.18196,39.27626],[-120.1831,39.27543],[-120.18395,39.27509]],[[-120.18099,39.2765],[-120.18196,39.27626]]]}},{"type":"Feature","properties":{"id":"trail-named-path-Sundance Cutoff","name":"Sundance Cutoff","kind":"trail","policy":"restricted","note":"Tahoe National Forest and town open space around Truckee — the Town's voice-and-visual-control standard applies inside town limits; check posted rules at trailheads.","source_url":"https://www.truckeepolice.gov/faq/is-there-a-leash-law-in-truckee-2/","venue":null,"acres":null,"miles":0.3,"approx":false,"osm":null},"geometry":{"type":"MultiLineString","coordinates":[[[-120.25723,39.36998],[-120.25839,39.3694],[-120.2588,39.36931],[-120.25951,39.3698],[-120.25973,39.37017],[-120.25975,39.3707],[-120.26003,39.37096],[-120.26104,39.37109]]]}},{"type":"Feature","properties":{"id":"trail-named-path-Sundance/Cinammon Twist Connector","name":"Sundance/Cinammon Twist Connector","kind":"trail","policy":"restricted","note":"Tahoe National Forest and town open space around Truckee — the Town's voice-and-visual-control standard applies inside town limits; check posted rules at trailheads.","source_url":"https://www.truckeepolice.gov/faq/is-there-a-leash-law-in-truckee-2/","venue":null,"acres":null,"miles":0.1,"approx":false,"osm":null},"geometry":{"type":"MultiLineString","coordinates":[[[-120.25806,39.37247],[-120.25782,39.37245],[-120.25751,39.37211],[-120.25703,39.37205]]]}},{"type":"Feature","properties":{"id":"trail-named-path-Tahoe Donner Trail","name":"Tahoe Donner Trail","kind":"trail","policy":"restricted","note":"Tahoe National Forest and town open space around Truckee — the Town's voice-and-visual-control standard applies inside town limits; check posted rules at trailheads.","source_url":"https://www.truckeepolice.gov/faq/is-there-a-leash-law-in-truckee-2/","venue":null,"acres":null,"miles":0.3,"approx":false,"osm":null},"geometry":{"type":"MultiLineString","coordinates":[[[-120.20688,39.35974],[-120.20682,39.36014],[-120.20747,39.36127],[-120.20724,39.36192],[-120.20735,39.36281]],[[-120.20856,39.35886],[-120.20841,39.35951]]]}},{"type":"Feature","properties":{"id":"trail-named-path-Teewinot","name":"Teewinot","kind":"trail","policy":"restricted","note":"Tahoe National Forest and town open space around Truckee — the Town's voice-and-visual-control standard applies inside town limits; check posted rules at trailheads.","source_url":"https://www.truckeepolice.gov/faq/is-there-a-leash-law-in-truckee-2/","venue":null,"acres":null,"miles":0.3,"approx":false,"osm":null},"geometry":{"type":"MultiLineString","coordinates":[[[-120.2651,39.33856],[-120.26457,39.3393],[-120.26451,39.34042],[-120.26416,39.34098],[-120.26384,39.34127],[-120.26318,39.34153],[-120.2637,39.34094],[-120.26322,39.34086]]]}},{"type":"Feature","properties":{"id":"trail-named-path-Teewinot Knob Trail","name":"Teewinot Knob Trail","kind":"trail","policy":"restricted","note":"Tahoe National Forest and town open space around Truckee — the Town's voice-and-visual-control standard applies inside town limits; check posted rules at trailheads.","source_url":"https://www.truckeepolice.gov/faq/is-there-a-leash-law-in-truckee-2/","venue":null,"acres":null,"miles":0.2,"approx":false,"osm":null},"geometry":{"type":"MultiLineString","coordinates":[[[-120.26773,39.34252],[-120.26766,39.34233],[-120.26728,39.3422],[-120.267,39.34172],[-120.26735,39.34043],[-120.26713,39.34036]]]}},{"type":"Feature","properties":{"id":"trail-named-path-Teewinot Trail","name":"Teewinot Trail","kind":"trail","policy":"restricted","note":"Tahoe National Forest and town open space around Truckee — the Town's voice-and-visual-control standard applies inside town limits; check posted rules at trailheads.","source_url":"https://www.truckeepolice.gov/faq/is-there-a-leash-law-in-truckee-2/","venue":null,"acres":null,"miles":1.9,"approx":false,"osm":null},"geometry":{"type":"MultiLineString","coordinates":[[[-120.26322,39.34086],[-120.2624,39.34154],[-120.26211,39.34224],[-120.26197,39.34158],[-120.26141,39.34224],[-120.26101,39.34364],[-120.26071,39.34278],[-120.26085,39.34232],[-120.26081,39.34149],[-120.2598,39.34241],[-120.25829,39.34214],[-120.25888,39.34165],[-120.25914,39.341],[-120.25907,39.34092],[-120.25862,39.3411],[-120.25833,39.34091],[-120.25795,39.34096],[-120.25684,39.34163],[-120.25574,39.34247],[-120.25574,39.34182],[-120.2565,39.34083],[-120.25641,39.34054]],[[-120.26773,39.34252],[-120.2657,39.34253],[-120.26546,39.34224],[-120.2657,39.34153],[-120.26602,39.34133],[-120.26673,39.34038],[-120.26735,39.34024],[-120.2672,39.34007],[-120.26737,39.33994],[-120.26719,39.33983],[-120.26758,39.33968],[-120.26735,39.33944],[-120.26696,39.33939],[-120.26802,39.3389],[-120.26792,39.33882],[-120.26735,39.33886],[-120.26804,39.33814],[-120.26722,39.33831],[-120.26719,39.33819],[-120.26747,39.33804],[-120.26722,39.33794],[-120.26681,39.33819],[-120.26698,39.33774],[-120.26668,39.33794],[-120.26574,39.33814],[-120.2651,39.33856]]]}},{"type":"Feature","properties":{"id":"trail-named-path-Tell No Tales","name":"Tell No Tales","kind":"trail","policy":"restricted","note":"Tahoe National Forest and town open space around Truckee — the Town's voice-and-visual-control standard applies inside town limits; check posted rules at trailheads.","source_url":"https://www.truckeepolice.gov/faq/is-there-a-leash-law-in-truckee-2/","venue":null,"acres":null,"miles":0.7,"approx":false,"osm":null},"geometry":{"type":"MultiLineString","coordinates":[[[-120.13848,39.26786],[-120.13679,39.26826],[-120.13665,39.2688],[-120.13612,39.26908],[-120.13539,39.26986],[-120.13495,39.27001],[-120.13483,39.27021],[-120.13418,39.27019],[-120.13385,39.27036],[-120.13301,39.27018]],[[-120.14448,39.26194],[-120.14413,39.26225],[-120.14337,39.26233],[-120.14303,39.26275],[-120.14231,39.26317],[-120.14176,39.26395],[-120.14115,39.26449],[-120.14144,39.26513]]]}},{"type":"Feature","properties":{"id":"trail-named-path-The Woods","name":"The Woods","kind":"trail","policy":"restricted","note":"Tahoe National Forest and town open space around Truckee — the Town's voice-and-visual-control standard applies inside town limits; check posted rules at trailheads.","source_url":"https://www.truckeepolice.gov/faq/is-there-a-leash-law-in-truckee-2/","venue":null,"acres":null,"miles":0.7,"approx":false,"osm":null},"geometry":{"type":"MultiLineString","coordinates":[[[-120.11813,39.26005],[-120.1182,39.2602],[-120.1186,39.26028],[-120.11864,39.26043],[-120.1182,39.26066],[-120.11766,39.26073],[-120.1176,39.26086],[-120.11783,39.26136],[-120.11773,39.26154],[-120.11749,39.26174],[-120.11718,39.26167],[-120.11678,39.26187],[-120.118,39.26344],[-120.11884,39.26411],[-120.11952,39.26415],[-120.12056,39.26392],[-120.12156,39.26332],[-120.12223,39.26317]],[[-120.12302,39.26307],[-120.12483,39.26333]]]}},{"type":"Feature","properties":{"id":"trail-named-path-Timber Cruise Trail","name":"Timber Cruise Trail","kind":"trail","policy":"restricted","note":"Tahoe National Forest and town open space around Truckee — the Town's voice-and-visual-control standard applies inside town limits; check posted rules at trailheads.","source_url":"https://www.truckeepolice.gov/faq/is-there-a-leash-law-in-truckee-2/","venue":null,"acres":null,"miles":1.0,"approx":false,"osm":null},"geometry":{"type":"MultiLineString","coordinates":[[[-120.1922,39.30983],[-120.19302,39.30942],[-120.19397,39.30859],[-120.19434,39.30696],[-120.19424,39.30643],[-120.19444,39.30619],[-120.19443,39.30597]],[[-120.19443,39.30597],[-120.19531,39.30429],[-120.19534,39.30249],[-120.19596,39.30086],[-120.19582,39.30003],[-120.19549,39.29961],[-120.19528,39.29904],[-120.19603,39.29798],[-120.19595,39.29721],[-120.19617,39.29654],[-120.19603,39.29583]]]}},{"type":"Feature","properties":{"id":"trail-named-path-Tompkins Trail","name":"Tompkins Trail","kind":"trail","policy":"restricted","note":"Tahoe National Forest and town open space around Truckee — the Town's voice-and-visual-control standard applies inside town limits; check posted rules at trailheads.","source_url":"https://www.truckeepolice.gov/faq/is-there-a-leash-law-in-truckee-2/","venue":null,"acres":null,"miles":0.1,"approx":false,"osm":null},"geometry":{"type":"MultiLineString","coordinates":[[[-120.14208,39.29528],[-120.14207,39.29535]],[[-120.14207,39.29535],[-120.14188,39.2961],[-120.14152,39.2965]],[[-120.13626,39.29095],[-120.13632,39.29098]]]}},{"type":"Feature","properties":{"id":"trail-named-path-Trout Creek Trail","name":"Trout Creek Trail","kind":"trail","policy":"restricted","note":"Tahoe National Forest and town open space around Truckee — the Town's voice-and-visual-control standard applies inside town limits; check posted rules at trailheads.","source_url":"https://www.truckeepolice.gov/faq/is-there-a-leash-law-in-truckee-2/","venue":null,"acres":null,"miles":1.4,"approx":false,"osm":null},"geometry":{"type":"MultiLineString","coordinates":[[[-120.20851,39.33671],[-120.20699,39.33681],[-120.20625,39.3367],[-120.2054,39.3368],[-120.2045,39.33667]],[[-120.18709,39.33102],[-120.18673,39.33148],[-120.18704,39.33181],[-120.18942,39.33349],[-120.19259,39.33549],[-120.19371,39.33572],[-120.19464,39.3356],[-120.19564,39.33525],[-120.19642,39.33475],[-120.19788,39.33466],[-120.20225,39.3358],[-120.20305,39.33608],[-120.20419,39.33672]],[[-120.2045,39.33667],[-120.20419,39.33672]]]}},{"type":"Feature","properties":{"id":"trail-named-path-Truckee River Legacy Trail","name":"Truckee River Legacy Trail","kind":"trail","policy":"restricted","note":"Tahoe National Forest and town open space around Truckee — the Town's voice-and-visual-control standard applies inside town limits; check posted rules at trailheads.","source_url":"https://www.truckeepolice.gov/faq/is-there-a-leash-law-in-truckee-2/","venue":null,"acres":null,"miles":7.3,"approx":false,"osm":null},"geometry":{"type":"MultiLineString","coordinates":[[[-120.17703,39.32653],[-120.17803,39.32653],[-120.17842,39.32666],[-120.17929,39.32657],[-120.1794,39.32669],[-120.17858,39.3271],[-120.1782,39.32745],[-120.17598,39.3285],[-120.1746,39.32869],[-120.17187,39.32948],[-120.16841,39.33021]],[[-120.16841,39.33021],[-120.16729,39.3305],[-120.16661,39.33085],[-120.16554,39.33117],[-120.16472,39.33183],[-120.16407,39.33206],[-120.1631,39.33219],[-120.16175,39.33208],[-120.15947,39.33211],[-120.1583,39.33245],[-120.1572,39.33256],[-120.15604,39.3323],[-120.15475,39.33229],[-120.15349,39.33212],[-120.15234,39.33147],[-120.1508,39.33131],[-120.1488,39.33167],[-120.14534,39.33268],[-120.14437,39.33317],[-120.14326,39.33398],[-120.14192,39.33458],[-120.13811,39.33544],[-120.13663,39.33605],[-120.13414,39.33731],[-120.13277,39.33774],[-120.13101,39.339],[-120.12903,39.33991],[-120.12836,39.34045],[-120.128,39.34145],[-120.12651,39.34253],[-120.12535,39.34361],[-120.12434,39.34587],[-120.12383,39.34637],[-120.12179,39.34732],[-120.11981,39.34802],[-120.11915,39.34874],[-120.11853,39.34915],[-120.11819,39.34924]],[[-120.18755,39.32444],[-120.18821,39.32427],[-120.18866,39.32386],[-120.19039,39.32293],[-120.19072,39.32254],[-120.19126,39.32126],[-120.19261,39.32033],[-120.19321,39.32008],[-120.19425,39.31928],[-120.19453,39.31884],[-120.19747,39.31738]],[[-120.11781,39.34933],[-120.11729,39.35034],[-120.11715,39.35022],[-120.11727,39.34916],[-120.11657,39.34961],[-120.11625,39.35095],[-120.11638,39.35186],[-120.11629,39.35225],[-120.11534,39.35286],[-120.11502,39.3539],[-120.11441,39.35452]],[[-120.11819,39.34924],[-120.11781,39.34933]],[[-120.18755,39.32444],[-120.18727,39.32425],[-120.18652,39.32438],[-120.18521,39.32425]],[[-120.22849,39.32387],[-120.22976,39.32436],[-120.23277,39.32467]],[[-120.22794,39.3227],[-120.22768,39.32315],[-120.22772,39.32348],[-120.22849,39.32387]],[[-120.22718,39.32046],[-120.22695,39.32087],[-120.22679,39.32229],[-120.22687,39.32239],[-120.22768,39.3224],[-120.22784,39.32267]],[[-120.21171,39.32164],[-120.21199,39.32194],[-120.21365,39.32198],[-120.21381,39.32148],[-120.21556,39.3211],[-120.21622,39.32134],[-120.21838,39.3214],[-120.21972,39.32155],[-120.21987,39.32217],[-120.22039,39.32215],[-120.22112,39.32251],[-120.22235,39.32274],[-120.22334,39.32312],[-120.22371,39.323],[-120.22435,39.32237],[-120.22581,39.32198],[-120.22651,39.32107],[-120.22666,39.32037],[-120.22683,39.3203]],[[-120.19759,39.31733],[-120.19821,39.31703]],[[-120.19747,39.31738],[-120.19759,39.31733]],[[-120.18499,39.32429],[-120.184,39.32459],[-120.1824,39.32548]],[[-120.18521,39.32425],[-120.18499,39.32429]],[[-120.22784,39.32267],[-120.22794,39.3227]],[[-120.22719,39.32043],[-120.22718,39.32046]]]}},{"type":"Feature","properties":{"id":"trail-named-path-Truckee View Point","name":"Truckee View Point","kind":"trail","policy":"restricted","note":"Tahoe National Forest and town open space around Truckee — the Town's voice-and-visual-control standard applies inside town limits; check posted rules at trailheads.","source_url":"https://www.truckeepolice.gov/faq/is-there-a-leash-law-in-truckee-2/","venue":null,"acres":null,"miles":0.3,"approx":false,"osm":null},"geometry":{"type":"MultiLineString","coordinates":[[[-120.20283,39.28331],[-120.20377,39.28304],[-120.2043,39.28347],[-120.20439,39.2837],[-120.20416,39.28387],[-120.20369,39.28394],[-120.20337,39.28424],[-120.20325,39.28376],[-120.20283,39.28331]],[[-120.20283,39.28331],[-120.20183,39.28274]]]}},{"type":"Feature","properties":{"id":"trail-named-path-True Grit","name":"True Grit","kind":"trail","policy":"restricted","note":"Tahoe National Forest and town open space around Truckee — the Town's voice-and-visual-control standard applies inside town limits; check posted rules at trailheads.","source_url":"https://www.truckeepolice.gov/faq/is-there-a-leash-law-in-truckee-2/","venue":null,"acres":null,"miles":0.8,"approx":false,"osm":null},"geometry":{"type":"MultiLineString","coordinates":[[[-120.27239,39.36186],[-120.27225,39.36193],[-120.27169,39.36185],[-120.2712,39.36144],[-120.27106,39.36195],[-120.27169,39.36308],[-120.27111,39.36329],[-120.27074,39.36323],[-120.27043,39.36303],[-120.26999,39.36359],[-120.2702,39.36478],[-120.2699,39.36502],[-120.27024,39.36561],[-120.27028,39.36638],[-120.27042,39.36655],[-120.26984,39.36655],[-120.26912,39.36618],[-120.26855,39.36509],[-120.26772,39.36437],[-120.26738,39.36537]]]}},{"type":"Feature","properties":{"id":"trail-named-path-True Grit/Pooker's Connector","name":"True Grit/Pooker's Connector","kind":"trail","policy":"restricted","note":"Tahoe National Forest and town open space around Truckee — the Town's voice-and-visual-control standard applies inside town limits; check posted rules at trailheads.","source_url":"https://www.truckeepolice.gov/faq/is-there-a-leash-law-in-truckee-2/","venue":null,"acres":null,"miles":0.1,"approx":false,"osm":null},"geometry":{"type":"MultiLineString","coordinates":[[[-120.25673,39.37189],[-120.25611,39.37267],[-120.25575,39.37284]]]}},{"type":"Feature","properties":{"id":"trail-named-path-Upper Mother Lode","name":"Upper Mother Lode","kind":"trail","policy":"restricted","note":"Tahoe National Forest and town open space around Truckee — the Town's voice-and-visual-control standard applies inside town limits; check posted rules at trailheads.","source_url":"https://www.truckeepolice.gov/faq/is-there-a-leash-law-in-truckee-2/","venue":null,"acres":null,"miles":0.8,"approx":false,"osm":null},"geometry":{"type":"MultiLineString","coordinates":[[[-120.27631,39.3596],[-120.27625,39.35976],[-120.27593,39.35966],[-120.27571,39.35942],[-120.27577,39.35906],[-120.27563,39.35902],[-120.27527,39.35936],[-120.27534,39.35977],[-120.27572,39.35995],[-120.27528,39.36001],[-120.27494,39.35971],[-120.27501,39.36014],[-120.27441,39.35974],[-120.27503,39.36044],[-120.27474,39.36033],[-120.27398,39.35968],[-120.27408,39.36019],[-120.27441,39.36066],[-120.27393,39.36057],[-120.27328,39.36013],[-120.27334,39.36066],[-120.2738,39.36091],[-120.27366,39.36111],[-120.27307,39.36116],[-120.27259,39.3614],[-120.27237,39.36118],[-120.27226,39.36154],[-120.27239,39.36186]]]}},{"type":"Feature","properties":{"id":"trail-named-path-Upper Roscoe's","name":"Upper Roscoe's","kind":"trail","policy":"restricted","note":"Tahoe National Forest and town open space around Truckee — the Town's voice-and-visual-control standard applies inside town limits; check posted rules at trailheads.","source_url":"https://www.truckeepolice.gov/faq/is-there-a-leash-law-in-truckee-2/","venue":null,"acres":null,"miles":0.1,"approx":false,"osm":null},"geometry":{"type":"MultiLineString","coordinates":[[[-120.08847,39.34523],[-120.08881,39.34515],[-120.08901,39.34491],[-120.08977,39.34501],[-120.09047,39.34488],[-120.09089,39.34507]]]}},{"type":"Feature","properties":{"id":"trail-named-path-Village Run","name":"Village Run","kind":"trail","policy":"restricted","note":"Tahoe National Forest and town open space around Truckee — the Town's voice-and-visual-control standard applies inside town limits; check posted rules at trailheads.","source_url":"https://www.truckeepolice.gov/faq/is-there-a-leash-law-in-truckee-2/","venue":null,"acres":null,"miles":0.1,"approx":false,"osm":null},"geometry":{"type":"MultiLineString","coordinates":[[[-120.12472,39.26461],[-120.12441,39.26465],[-120.12418,39.26492]],[[-120.12479,39.26441],[-120.12472,39.26461]],[[-120.12538,39.26384],[-120.12507,39.26426],[-120.12479,39.26441]]]}},{"type":"Feature","properties":{"id":"trail-named-path-West Side Trail","name":"West Side Trail","kind":"trail","policy":"restricted","note":"Tahoe National Forest and town open space around Truckee — the Town's voice-and-visual-control standard applies inside town limits; check posted rules at trailheads.","source_url":"https://www.truckeepolice.gov/faq/is-there-a-leash-law-in-truckee-2/","venue":null,"acres":null,"miles":0.8,"approx":false,"osm":null},"geometry":{"type":"MultiLineString","coordinates":[[[-120.17386,39.30817],[-120.17417,39.30802],[-120.17742,39.30805],[-120.17798,39.30787],[-120.17865,39.30803],[-120.17922,39.30788],[-120.1793,39.30715],[-120.17908,39.30627],[-120.17922,39.30601],[-120.17919,39.30538],[-120.17944,39.30506],[-120.17943,39.30391],[-120.17914,39.30299],[-120.17909,39.30175],[-120.17876,39.30116],[-120.17923,39.30079]]]}},{"type":"Feature","properties":{"id":"trail-named-path-White Lightning","name":"White Lightning","kind":"trail","policy":"restricted","note":"Tahoe National Forest and town open space around Truckee — the Town's voice-and-visual-control standard applies inside town limits; check posted rules at trailheads.","source_url":"https://www.truckeepolice.gov/faq/is-there-a-leash-law-in-truckee-2/","venue":null,"acres":null,"miles":0.0,"approx":false,"osm":null},"geometry":{"type":"MultiLineString","coordinates":[[[-120.25811,39.36876],[-120.25851,39.36846]]]}},{"type":"Feature","properties":{"id":"trail-named-path-Whoop it Up","name":"Whoop it Up","kind":"trail","policy":"restricted","note":"Tahoe National Forest and town open space around Truckee — the Town's voice-and-visual-control standard applies inside town limits; check posted rules at trailheads.","source_url":"https://www.truckeepolice.gov/faq/is-there-a-leash-law-in-truckee-2/","venue":null,"acres":null,"miles":1.1,"approx":false,"osm":null},"geometry":{"type":"MultiLineString","coordinates":[[[-120.26323,39.36304],[-120.26253,39.36273],[-120.26259,39.36229],[-120.26225,39.36164],[-120.2617,39.36158],[-120.26161,39.36138],[-120.26175,39.36104],[-120.26108,39.36044],[-120.26111,39.35999],[-120.26099,39.35985],[-120.26068,39.3599],[-120.26035,39.36018],[-120.25943,39.3604]],[[-120.265,39.36624],[-120.26477,39.36611],[-120.26469,39.36571],[-120.26473,39.36474],[-120.26501,39.36449],[-120.26511,39.36407],[-120.26488,39.36376],[-120.26489,39.36338],[-120.26437,39.3632],[-120.2642,39.36346],[-120.26403,39.36347],[-120.26366,39.36299]],[[-120.25942,39.36126],[-120.25905,39.36167]],[[-120.25881,39.36191],[-120.25835,39.36197],[-120.25769,39.36261],[-120.25796,39.36181],[-120.25778,39.36178],[-120.2574,39.36209],[-120.2572,39.36286],[-120.25738,39.36499]]]}},{"type":"Feature","properties":{"id":"trail-named-path-Whoops","name":"Whoops","kind":"trail","policy":"restricted","note":"Tahoe National Forest and town open space around Truckee — the Town's voice-and-visual-control standard applies inside town limits; check posted rules at trailheads.","source_url":"https://www.truckeepolice.gov/faq/is-there-a-leash-law-in-truckee-2/","venue":null,"acres":null,"miles":0.5,"approx":false,"osm":null},"geometry":{"type":"MultiLineString","coordinates":[[[-120.19149,39.26825],[-120.19098,39.26851],[-120.19002,39.2687],[-120.18937,39.26849],[-120.18872,39.26858],[-120.18824,39.26843],[-120.18797,39.26819],[-120.18752,39.26734],[-120.18728,39.2672],[-120.18686,39.26734],[-120.18674,39.26751],[-120.18602,39.26773],[-120.18533,39.26763],[-120.18429,39.26699],[-120.18444,39.26653]]]}},{"type":"Feature","properties":{"id":"trail-named-path-Wild West","name":"Wild West","kind":"trail","policy":"restricted","note":"Tahoe National Forest and town open space around Truckee — the Town's voice-and-visual-control standard applies inside town limits; check posted rules at trailheads.","source_url":"https://www.truckeepolice.gov/faq/is-there-a-leash-law-in-truckee-2/","venue":null,"acres":null,"miles":1.5,"approx":false,"osm":null},"geometry":{"type":"MultiLineString","coordinates":[[[-120.25677,39.3701],[-120.25694,39.36961]],[[-120.25761,39.36508],[-120.25788,39.36551],[-120.25789,39.36601],[-120.25813,39.36584],[-120.2582,39.366],[-120.25805,39.36634],[-120.25815,39.36681],[-120.25805,39.36729],[-120.25747,39.36788],[-120.25823,39.36776],[-120.25761,39.36859],[-120.25859,39.36817],[-120.25845,39.36858],[-120.25869,39.36843],[-120.25871,39.36859],[-120.2592,39.36811],[-120.25923,39.36842],[-120.25981,39.36857],[-120.25982,39.36831],[-120.26101,39.36726],[-120.26231,39.36652],[-120.26352,39.36564],[-120.26372,39.36536],[-120.26432,39.36521],[-120.26548,39.36422],[-120.26567,39.36419],[-120.2659,39.36451],[-120.26538,39.36535],[-120.26664,39.36494],[-120.26706,39.365],[-120.26738,39.36537]],[[-120.25761,39.36508],[-120.25738,39.36499],[-120.25734,39.36542],[-120.25684,39.36583],[-120.25593,39.36571],[-120.25565,39.36589],[-120.25532,39.36575],[-120.25462,39.36588]]]}},{"type":"Feature","properties":{"id":"trail-named-path-Wood Splitter Jump Trail","name":"Wood Splitter Jump Trail","kind":"trail","policy":"restricted","note":"Tahoe National Forest and town open space around Truckee — the Town's voice-and-visual-control standard applies inside town limits; check posted rules at trailheads.","source_url":"https://www.truckeepolice.gov/faq/is-there-a-leash-law-in-truckee-2/","venue":null,"acres":null,"miles":4.0,"approx":false,"osm":null},"geometry":{"type":"MultiLineString","coordinates":[[[-120.19443,39.30597],[-120.19336,39.30591],[-120.19252,39.30541],[-120.19236,39.30504],[-120.19184,39.30475],[-120.1916,39.30375],[-120.19192,39.30294],[-120.19156,39.30285],[-120.19164,39.30247],[-120.19146,39.30232],[-120.19142,39.30179],[-120.19109,39.30155],[-120.1908,39.30093],[-120.19038,39.30045],[-120.19018,39.30028],[-120.18967,39.30016],[-120.18947,39.29965],[-120.18957,39.29937],[-120.18895,39.29911],[-120.18862,39.29851],[-120.18875,39.29796],[-120.18853,39.29767],[-120.1889,39.29709],[-120.18885,39.29696],[-120.18861,39.29693],[-120.18871,39.29654],[-120.18791,39.29659],[-120.18765,39.2963],[-120.18753,39.29568],[-120.18666,39.29536],[-120.18636,39.29494],[-120.18577,39.29468],[-120.18555,39.29435],[-120.18507,39.29432],[-120.18417,39.29405],[-120.18353,39.29418],[-120.18412,39.29499],[-120.1844,39.29516],[-120.1844,39.29535],[-120.1837,39.29504],[-120.18273,39.29498],[-120.18264,39.2951],[-120.18327,39.29538],[-120.1833,39.29554],[-120.18254,39.29547],[-120.18225,39.29566],[-120.18314,39.2961],[-120.18253,39.29614],[-120.18218,39.29631],[-120.1826,39.29647],[-120.18285,39.29674],[-120.18287,39.29702],[-120.18255,39.29718],[-120.18288,39.29734],[-120.18311,39.29732],[-120.1834,39.29696],[-120.18344,39.29747],[-120.1839,39.29702],[-120.18407,39.29656],[-120.18393,39.29572],[-120.18426,39.29596],[-120.18464,39.29661],[-120.18471,39.29759],[-120.18418,39.29847],[-120.18368,39.29877],[-120.18376,39.29888],[-120.1851,39.29845],[-120.18663,39.29732],[-120.18724,39.29716],[-120.18757,39.29729],[-120.18763,39.29802],[-120.18793,39.2986],[-120.18842,39.29909],[-120.18875,39.2998],[-120.18925,39.30022],[-120.18944,39.30129],[-120.18971,39.30152],[-120.19074,39.30186],[-120.19089,39.30216],[-120.19089,39.30242],[-120.19002,39.30318],[-120.1899,39.30352],[-120.19113,39.30453],[-120.19148,39.30615],[-120.19193,39.30639],[-120.19276,39.30633],[-120.19335,39.30665],[-120.19393,39.30735],[-120.19409,39.30784]],[[-120.18699,39.29511],[-120.18779,39.29486],[-120.18832,39.29499],[-120.18931,39.29475],[-120.19,39.29492],[-120.19042,39.29489],[-120.19125,39.29534],[-120.19188,39.29516],[-120.19299,39.29529],[-120.19373,39.29508],[-120.19395,39.29532],[-120.19499,39.29491],[-120.19515,39.29531],[-120.19672,39.29558],[-120.19692,39.2954]]]}},{"type":"Feature","properties":{"id":"trail-named-path-Woodcamp Spur","name":"Woodcamp Spur","kind":"trail","policy":"restricted","note":"Tahoe National Forest and town open space around Truckee — the Town's voice-and-visual-control standard applies inside town limits; check posted rules at trailheads.","source_url":"https://www.truckeepolice.gov/faq/is-there-a-leash-law-in-truckee-2/","venue":null,"acres":null,"miles":0.1,"approx":false,"osm":null},"geometry":{"type":"MultiLineString","coordinates":[[[-120.22608,39.27899],[-120.22634,39.27919],[-120.22655,39.27961],[-120.22655,39.28012],[-120.22675,39.28047]]]}},{"type":"Feature","properties":{"id":"trail-named-path-Yogi's","name":"Yogi's","kind":"trail","policy":"restricted","note":"Tahoe National Forest and town open space around Truckee — the Town's voice-and-visual-control standard applies inside town limits; check posted rules at trailheads.","source_url":"https://www.truckeepolice.gov/faq/is-there-a-leash-law-in-truckee-2/","venue":null,"acres":null,"miles":2.3,"approx":false,"osm":null},"geometry":{"type":"MultiLineString","coordinates":[[[-120.25951,39.27332],[-120.25879,39.2732],[-120.25766,39.27217],[-120.25599,39.27103],[-120.25538,39.27038],[-120.25484,39.27016],[-120.25493,39.27085],[-120.25533,39.27168],[-120.25673,39.27314],[-120.25778,39.27459],[-120.25848,39.27512],[-120.25833,39.27514],[-120.25929,39.27572],[-120.2575,39.27558],[-120.25659,39.2757],[-120.25587,39.27531],[-120.25485,39.27495],[-120.25493,39.27528],[-120.25454,39.2752],[-120.25502,39.27609],[-120.25574,39.27647],[-120.25497,39.27645],[-120.25476,39.27629],[-120.25452,39.27629],[-120.25437,39.27718],[-120.25473,39.27818],[-120.2551,39.27859],[-120.2551,39.27896],[-120.25556,39.27969],[-120.2554,39.2804],[-120.25504,39.28084],[-120.25475,39.28099],[-120.25425,39.28087],[-120.25404,39.28097],[-120.25512,39.2812],[-120.25515,39.2813],[-120.25469,39.28125],[-120.25427,39.28144],[-120.25472,39.28143],[-120.25487,39.28156],[-120.2541,39.28174],[-120.25445,39.28183],[-120.2534,39.28209],[-120.25257,39.28244],[-120.25203,39.28238],[-120.25115,39.28287],[-120.2499,39.28296],[-120.24894,39.28354],[-120.24915,39.28471],[-120.24891,39.28477]]]}},{"type":"Feature","properties":{"id":"trail-named-path-Zig-zag","name":"Zig-zag","kind":"trail","policy":"restricted","note":"Tahoe National Forest and town open space around Truckee — the Town's voice-and-visual-control standard applies inside town limits; check posted rules at trailheads.","source_url":"https://www.truckeepolice.gov/faq/is-there-a-leash-law-in-truckee-2/","venue":null,"acres":null,"miles":0.8,"approx":false,"osm":null},"geometry":{"type":"MultiLineString","coordinates":[[[-120.23801,39.31721],[-120.2386,39.31703],[-120.23886,39.31724],[-120.23995,39.31719],[-120.24195,39.31747],[-120.24297,39.31774],[-120.24517,39.31787],[-120.24539,39.3177],[-120.24576,39.31783],[-120.24622,39.31781],[-120.24631,39.31798],[-120.24672,39.3179],[-120.24694,39.31812],[-120.24749,39.3181],[-120.24785,39.31788],[-120.24806,39.31795],[-120.24854,39.31769],[-120.24892,39.31772],[-120.24916,39.31792],[-120.24885,39.31825],[-120.24887,39.31839],[-120.2495,39.31864],[-120.2502,39.31932],[-120.25026,39.31994],[-120.25049,39.32005]]]}}]}
